date,price
2015-04-08 00:00:00,245.89
2015-04-09 00:00:00,244.98
2015-04-10 00:00:00,235.71
2015-04-11 00:00:00,236.7
2015-04-12 00:00:00,236.76
2015-04-13 00:00:00,225.99
2015-04-14 00:00:00,216.0
2015-04-15 00:00:00,218.96
2015-04-16 00:00:00,229.62
2015-04-17 00:00:00,222.67
2015-04-18 00:00:00,222.32
2015-04-19 00:00:00,225.72
2015-04-20 00:00:00,224.63
2015-04-21 00:00:00,224.88
2015-04-22 00:00:00,237.34
2015-04-23 00:00:00,235.48
2015-04-24 00:00:00,230.93
2015-04-25 00:00:00,228.6
2015-04-26 00:00:00,218.42
2015-04-27 00:00:00,222.59
2015-04-28 00:00:00,222.66
2015-04-29 00:00:00,225.69
2015-04-30 00:00:00,235.13
2015-05-01 00:00:00,233.43
2015-05-02 00:00:00,234.13
2015-05-03 00:00:00,240.51
2015-05-04 00:00:00,236.17
2015-05-05 00:00:00,234.66
2015-05-06 00:00:00,235.79
2015-05-07 00:00:00,233.99
2015-05-08 00:00:00,244.72
2015-05-09 00:00:00,241.08
2015-05-10 00:00:00,239.35
2015-05-11 00:00:00,244.19
2015-05-12 00:00:00,241.51
2015-05-13 00:00:00,242.72
2015-05-14 00:00:00,238.32
2015-05-15 00:00:00,237.6
2015-05-16 00:00:00,236.63
2015-05-17 00:00:00,235.78
2015-05-18 00:00:00,236.45
2015-05-19 00:00:00,232.04
2015-05-20 00:00:00,234.6
2015-05-21 00:00:00,236.0
2015-05-22 00:00:00,240.5
2015-05-23 00:00:00,238.77
2015-05-24 00:00:00,240.46
2015-05-25 00:00:00,235.65
2015-05-26 00:00:00,235.94
2015-05-27 00:00:00,235.0
2015-05-28 00:00:00,236.48
2015-05-29 00:00:00,235.87
2015-05-30 00:00:00,231.12
2015-05-31 00:00:00,231.95
2015-06-01 00:00:00,222.4
2015-06-02 00:00:00,224.83
2015-06-03 00:00:00,226.29
2015-06-04 00:00:00,225.54
2015-06-05 00:00:00,224.15
2015-06-06 00:00:00,224.49
2015-06-07 00:00:00,222.6
2015-06-08 00:00:00,228.0
2015-06-09 00:00:00,230.1
2015-06-10 00:00:00,228.01
2015-06-11 00:00:00,229.0
2015-06-12 00:00:00,229.98
2015-06-13 00:00:00,230.22
2015-06-14 00:00:00,232.05
2015-06-15 00:00:00,236.46
2015-06-16 00:00:00,245.35
2015-06-17 00:00:00,249.96
2015-06-18 00:00:00,248.25
2015-06-19 00:00:00,246.45
2015-06-20 00:00:00,244.08
2015-06-21 00:00:00,242.47
2015-06-22 00:00:00,246.35
2015-06-23 00:00:00,243.92
2015-06-24 00:00:00,240.64
2015-06-25 00:00:00,241.92
2015-06-26 00:00:00,241.19
2015-06-27 00:00:00,248.5
2015-06-28 00:00:00,248.76
2015-06-29 00:00:00,253.8
2015-06-30 00:00:00,262.53
2015-07-01 00:00:00,257.85
2015-07-02 00:00:00,255.06
2015-07-03 00:00:00,255.1
2015-07-04 00:00:00,257.92
2015-07-05 00:00:00,270.92
2015-07-06 00:00:00,273.37
2015-07-07 00:00:00,267.26
2015-07-08 00:00:00,269.68
2015-07-09 00:00:00,270.68
2015-07-10 00:00:00,286.98
2015-07-11 00:00:00,293.5
2015-07-12 00:00:00,309.3
2015-07-13 00:00:00,289.9
2015-07-14 00:00:00,292.87
2015-07-15 00:00:00,290.95
2015-07-16 00:00:00,275.76
2015-07-17 00:00:00,277.99
2015-07-18 00:00:00,278.08
2015-07-19 00:00:00,276.09
2015-07-20 00:00:00,278.26
2015-07-21 00:00:00,278.97
2015-07-22 00:00:00,277.54
2015-07-23 00:00:00,276.64
2015-07-24 00:00:00,287.3
2015-07-25 00:00:00,287.12
2015-07-26 00:00:00,292.33
2015-07-27 00:00:00,290.79
2015-07-28 00:00:00,295.24
2015-07-29 00:00:00,290.7
2015-07-30 00:00:00,287.56
2015-07-31 00:00:00,284.78
2015-08-01 00:00:00,280.72
2015-08-02 00:00:00,280.69
2015-08-03 00:00:00,284.39
2015-08-04 00:00:00,285.0
2015-08-05 00:00:00,282.69
2015-08-06 00:00:00,277.1
2015-08-07 00:00:00,279.39
2015-08-08 00:00:00,269.89
2015-08-09 00:00:00,265.42
2015-08-10 00:00:00,264.07
2015-08-11 00:00:00,265.85
2015-08-12 00:00:00,267.89
2015-08-13 00:00:00,265.97
2015-08-14 00:00:00,266.99
2015-08-15 00:00:00,265.41
2015-08-16 00:00:00,257.47
2015-08-17 00:00:00,257.45
2015-08-18 00:00:00,253.91
2015-08-19 00:00:00,233.29
2015-08-20 00:00:00,233.23
2015-08-21 00:00:00,233.59
2015-08-22 00:00:00,226.04
2015-08-23 00:00:00,228.68
2015-08-24 00:00:00,213.24
2015-08-25 00:00:00,222.02
2015-08-26 00:00:00,228.84
2015-08-27 00:00:00,228.27
2015-08-28 00:00:00,234.17
2015-08-29 00:00:00,228.22
2015-08-30 00:00:00,226.47
2015-08-31 00:00:00,230.94
2015-09-01 00:00:00,228.32
2015-09-02 00:00:00,230.68
2015-09-03 00:00:00,227.42
2015-09-04 00:00:00,230.8
2015-09-05 00:00:00,234.67
2015-09-06 00:00:00,240.2
2015-09-07 00:00:00,241.31
2015-09-08 00:00:00,243.08
2015-09-09 00:00:00,240.08
2015-09-10 00:00:00,239.68
2015-09-11 00:00:00,239.93
2015-09-12 00:00:00,235.13
2015-09-13 00:00:00,229.86
2015-09-14 00:00:00,230.88
2015-09-15 00:00:00,230.0
2015-09-16 00:00:00,227.86
2015-09-17 00:00:00,234.0
2015-09-18 00:00:00,232.99
2015-09-19 00:00:00,230.71
2015-09-20 00:00:00,230.2
2015-09-21 00:00:00,226.56
2015-09-22 00:00:00,229.43
2015-09-23 00:00:00,229.95
2015-09-24 00:00:00,233.9
2015-09-25 00:00:00,235.79
2015-09-26 00:00:00,233.76
2015-09-27 00:00:00,232.85
2015-09-28 00:00:00,238.94
2015-09-29 00:00:00,237.68
2015-09-30 00:00:00,237.91
2015-10-01 00:00:00,238.98
2015-10-02 00:00:00,237.78
2015-10-03 00:00:00,239.17
2015-10-04 00:00:00,239.47
2015-10-05 00:00:00,239.22
2015-10-06 00:00:00,246.67
2015-10-07 00:00:00,245.25
2015-10-08 00:00:00,243.91
2015-10-09 00:00:00,244.78
2015-10-10 00:00:00,245.79
2015-10-11 00:00:00,248.08
2015-10-12 00:00:00,246.63
2015-10-13 00:00:00,249.58
2015-10-14 00:00:00,254.6
2015-10-15 00:00:00,254.73
2015-10-16 00:00:00,262.31
2015-10-17 00:00:00,269.07
2015-10-18 00:00:00,262.44
2015-10-19 00:00:00,264.16
2015-10-20 00:00:00,269.8
2015-10-21 00:00:00,269.1
2015-10-22 00:00:00,273.95
2015-10-23 00:00:00,277.43
2015-10-24 00:00:00,279.9
2015-10-25 00:00:00,295.01
2015-10-26 00:00:00,284.95
2015-10-27 00:00:00,294.73
2015-10-28 00:00:00,298.95
2015-10-29 00:00:00,310.36
2015-10-30 00:00:00,329.2
2015-10-31 00:00:00,310.92
2015-11-01 00:00:00,311.5
2015-11-02 00:00:00,340.69
2015-11-03 00:00:00,409.0
2015-11-04 00:00:00,437.05
2015-11-05 00:00:00,400.0
2015-11-06 00:00:00,388.38
2015-11-07 00:00:00,387.38
2015-11-08 00:00:00,381.51
2015-11-09 00:00:00,378.8
2015-11-10 00:00:00,353.58
2015-11-11 00:00:00,309.9
2015-11-12 00:00:00,331.6
2015-11-13 00:00:00,332.2
2015-11-14 00:00:00,331.9
2015-11-15 00:00:00,322.33
2015-11-16 00:00:00,329.32
2015-11-17 00:00:00,335.95
2015-11-18 00:00:00,334.46
2015-11-19 00:00:00,329.0
2015-11-20 00:00:00,320.62
2015-11-21 00:00:00,325.56
2015-11-22 00:00:00,322.33
2015-11-23 00:00:00,324.49
2015-11-24 00:00:00,321.1
2015-11-25 00:00:00,325.0
2015-11-26 00:00:00,348.0
2015-11-27 00:00:00,359.54
2015-11-28 00:00:00,353.88
2015-11-29 00:00:00,363.98
2015-11-30 00:00:00,372.53
2015-12-01 00:00:00,359.32
2015-12-02 00:00:00,360.98
2015-12-03 00:00:00,362.49
2015-12-04 00:00:00,360.88
2015-12-05 00:00:00,377.72
2015-12-06 00:00:00,390.04
2015-12-07 00:00:00,395.58
2015-12-08 00:00:00,394.99
2015-12-09 00:00:00,414.01
2015-12-10 00:00:00,415.64
2015-12-11 00:00:00,444.29
2015-12-12 00:00:00,426.06
2015-12-13 00:00:00,438.79
2015-12-14 00:00:00,445.6
2015-12-15 00:00:00,459.48
2015-12-16 00:00:00,454.43
2015-12-17 00:00:00,453.39
2015-12-18 00:00:00,458.95
2015-12-19 00:00:00,461.16
2015-12-20 00:00:00,434.98
2015-12-21 00:00:00,438.7
2015-12-22 00:00:00,435.98
2015-12-23 00:00:00,441.4
2015-12-24 00:00:00,453.95
2015-12-25 00:00:00,454.98
2015-12-26 00:00:00,417.99
2015-12-27 00:00:00,418.46
2015-12-28 00:00:00,423.98
2015-12-29 00:00:00,431.13
2015-12-30 00:00:00,428.0
2015-12-31 00:00:00,429.34
2016-01-01 00:00:00,432.33
2016-01-02 00:00:00,433.94
2016-01-03 00:00:00,428.13
2016-01-04 00:00:00,433.0
2016-01-05 00:00:00,431.9
2016-01-06 00:00:00,430.75
2016-01-07 00:00:00,453.71
2016-01-08 00:00:00,447.04
2016-01-09 00:00:00,450.15
2016-01-10 00:00:00,446.24
2016-01-11 00:00:00,447.11
2016-01-12 00:00:00,446.66
2016-01-13 00:00:00,429.57
2016-01-14 00:00:00,431.9
2016-01-15 00:00:00,391.62
2016-01-16 00:00:00,370.4
2016-01-17 00:00:00,385.45
2016-01-18 00:00:00,385.28
2016-01-19 00:00:00,378.66
2016-01-20 00:00:00,408.33
2016-01-21 00:00:00,408.0
2016-01-22 00:00:00,385.7
2016-01-23 00:00:00,388.5
2016-01-24 00:00:00,404.75
2016-01-25 00:00:00,387.09
2016-01-26 00:00:00,394.12
2016-01-27 00:00:00,394.45
2016-01-28 00:00:00,382.44
2016-01-29 00:00:00,377.26
2016-01-30 00:00:00,378.24
2016-01-31 00:00:00,376.86
2016-02-01 00:00:00,372.0
2016-02-02 00:00:00,373.48
2016-02-03 00:00:00,368.38
2016-02-04 00:00:00,385.06
2016-02-05 00:00:00,386.49
2016-02-06 00:00:00,373.04
2016-02-07 00:00:00,373.74
2016-02-08 00:00:00,375.8
2016-02-09 00:00:00,372.61
2016-02-10 00:00:00,378.98
2016-02-11 00:00:00,376.75
2016-02-12 00:00:00,381.46
2016-02-13 00:00:00,388.6
2016-02-14 00:00:00,402.38
2016-02-15 00:00:00,402.64
2016-02-16 00:00:00,406.69
2016-02-17 00:00:00,418.04
2016-02-18 00:00:00,418.97
2016-02-19 00:00:00,418.02
2016-02-20 00:00:00,439.48
2016-02-21 00:00:00,434.67
2016-02-22 00:00:00,438.5
2016-02-23 00:00:00,417.0
2016-02-24 00:00:00,423.1
2016-02-25 00:00:00,421.4
2016-02-26 00:00:00,424.34
2016-02-27 00:00:00,432.0
2016-02-28 00:00:00,433.47
2016-02-29 00:00:00,436.18
2016-03-01 00:00:00,431.87
2016-03-02 00:00:00,429.99
2016-03-03 00:00:00,421.44
2016-03-04 00:00:00,416.48
2016-03-05 00:00:00,401.0
2016-03-06 00:00:00,408.86
2016-03-07 00:00:00,411.94
2016-03-08 00:00:00,412.39
2016-03-09 00:00:00,413.1
2016-03-10 00:00:00,416.0
2016-03-11 00:00:00,421.22
2016-03-12 00:00:00,410.0
2016-03-13 00:00:00,412.44
2016-03-14 00:00:00,413.89
2016-03-15 00:00:00,414.78
2016-03-16 00:00:00,415.99
2016-03-17 00:00:00,418.64
2016-03-18 00:00:00,408.87
2016-03-19 00:00:00,405.59
2016-03-20 00:00:00,410.77
2016-03-21 00:00:00,410.49
2016-03-22 00:00:00,415.35
2016-03-23 00:00:00,417.8
2016-03-24 00:00:00,416.47
2016-03-25 00:00:00,416.44
2016-03-26 00:00:00,415.71
2016-03-27 00:00:00,426.8
2016-03-28 00:00:00,422.96
2016-03-29 00:00:00,414.0
2016-03-30 00:00:00,412.35
2016-03-31 00:00:00,416.94
2016-04-01 00:00:00,416.25
2016-04-02 00:00:00,418.07
2016-04-03 00:00:00,418.07
2016-04-04 00:00:00,418.99
2016-04-05 00:00:00,421.77
2016-04-06 00:00:00,421.09
2016-04-07 00:00:00,420.33
2016-04-08 00:00:00,422.2
2016-04-09 00:00:00,417.73
2016-04-10 00:00:00,421.63
2016-04-11 00:00:00,420.69
2016-04-12 00:00:00,425.89
2016-04-13 00:00:00,424.61
2016-04-14 00:00:00,423.76
2016-04-15 00:00:00,429.09
2016-04-16 00:00:00,429.43
2016-04-17 00:00:00,425.71
2016-04-18 00:00:00,427.28
2016-04-19 00:00:00,435.91
2016-04-20 00:00:00,442.34
2016-04-21 00:00:00,451.0
2016-04-22 00:00:00,447.25
2016-04-23 00:00:00,451.29
2016-04-24 00:00:00,459.4
2016-04-25 00:00:00,463.86
2016-04-26 00:00:00,467.98
2016-04-27 00:00:00,447.31
2016-04-28 00:00:00,450.0
2016-04-29 00:00:00,456.16
2016-04-30 00:00:00,447.17
2016-05-01 00:00:00,451.9
2016-05-02 00:00:00,443.9
2016-05-03 00:00:00,450.96
2016-05-04 00:00:00,447.37
2016-05-05 00:00:00,448.51
2016-05-06 00:00:00,460.91
2016-05-07 00:00:00,459.04
2016-05-08 00:00:00,457.82
2016-05-09 00:00:00,461.63
2016-05-10 00:00:00,450.0
2016-05-11 00:00:00,452.51
2016-05-12 00:00:00,454.7
2016-05-13 00:00:00,456.82
2016-05-14 00:00:00,455.65
2016-05-15 00:00:00,457.08
2016-05-16 00:00:00,454.88
2016-05-17 00:00:00,452.89
2016-05-18 00:00:00,452.9
2016-05-19 00:00:00,441.87
2016-05-20 00:00:00,441.25
2016-05-21 00:00:00,443.89
2016-05-22 00:00:00,438.0
2016-05-23 00:00:00,442.17
2016-05-24 00:00:00,445.34
2016-05-25 00:00:00,447.94
2016-05-26 00:00:00,452.49
2016-05-27 00:00:00,470.29
2016-05-28 00:00:00,522.43
2016-05-29 00:00:00,512.16
2016-05-30 00:00:00,525.15
2016-05-31 00:00:00,531.15
2016-06-01 00:00:00,539.47
2016-06-02 00:00:00,539.99
2016-06-03 00:00:00,568.0
2016-06-04 00:00:00,573.74
2016-06-05 00:00:00,574.02
2016-06-06 00:00:00,584.5
2016-06-07 00:00:00,577.54
2016-06-08 00:00:00,578.68
2016-06-09 00:00:00,575.29
2016-06-10 00:00:00,577.55
2016-06-11 00:00:00,594.44
2016-06-12 00:00:00,664.85
2016-06-13 00:00:00,702.07
2016-06-14 00:00:00,685.24
2016-06-15 00:00:00,692.29
2016-06-16 00:00:00,762.43
2016-06-17 00:00:00,743.92
2016-06-18 00:00:00,754.37
2016-06-19 00:00:00,760.82
2016-06-20 00:00:00,729.19
2016-06-21 00:00:00,665.96
2016-06-22 00:00:00,587.45
2016-06-23 00:00:00,624.54
2016-06-24 00:00:00,660.6
2016-06-25 00:00:00,664.91
2016-06-26 00:00:00,627.39
2016-06-27 00:00:00,646.7
2016-06-28 00:00:00,646.38
2016-06-29 00:00:00,637.96
2016-06-30 00:00:00,671.41
2016-07-01 00:00:00,675.19
2016-07-02 00:00:00,701.71
2016-07-03 00:00:00,658.42
2016-07-04 00:00:00,676.33
2016-07-05 00:00:00,666.49
2016-07-06 00:00:00,673.79
2016-07-07 00:00:00,636.36
2016-07-08 00:00:00,659.56
2016-07-09 00:00:00,651.86
2016-07-10 00:00:00,648.09
2016-07-11 00:00:00,647.98
2016-07-12 00:00:00,672.77
2016-07-13 00:00:00,657.45
2016-07-14 00:00:00,658.83
2016-07-15 00:00:00,664.57
2016-07-16 00:00:00,662.15
2016-07-17 00:00:00,675.46
2016-07-18 00:00:00,673.21
2016-07-19 00:00:00,672.84
2016-07-20 00:00:00,665.64
2016-07-21 00:00:00,664.88
2016-07-22 00:00:00,651.58
2016-07-23 00:00:00,655.85
2016-07-24 00:00:00,661.41
2016-07-25 00:00:00,654.7
2016-07-26 00:00:00,655.07
2016-07-27 00:00:00,654.98
2016-07-28 00:00:00,655.33
2016-07-29 00:00:00,656.89
2016-07-30 00:00:00,654.74
2016-07-31 00:00:00,628.02
2016-08-01 00:00:00,606.32
2016-08-02 00:00:00,515.06
2016-08-03 00:00:00,565.05
2016-08-04 00:00:00,577.32
2016-08-05 00:00:00,576.56
2016-08-06 00:00:00,588.23
2016-08-07 00:00:00,594.27
2016-08-08 00:00:00,592.7
2016-08-09 00:00:00,588.78
2016-08-10 00:00:00,592.19
2016-08-11 00:00:00,589.24
2016-08-12 00:00:00,587.76
2016-08-13 00:00:00,586.43
2016-08-14 00:00:00,570.98
2016-08-15 00:00:00,570.14
2016-08-16 00:00:00,581.12
2016-08-17 00:00:00,575.52
2016-08-18 00:00:00,576.04
2016-08-19 00:00:00,576.66
2016-08-20 00:00:00,583.21
2016-08-21 00:00:00,582.82
2016-08-22 00:00:00,588.97
2016-08-23 00:00:00,586.19
2016-08-24 00:00:00,582.85
2016-08-25 00:00:00,579.86
2016-08-26 00:00:00,581.07
2016-08-27 00:00:00,571.54
2016-08-28 00:00:00,576.53
2016-08-29 00:00:00,575.22
2016-08-30 00:00:00,578.62
2016-08-31 00:00:00,574.83
2016-09-01 00:00:00,572.82
2016-09-02 00:00:00,576.22
2016-09-03 00:00:00,600.89
2016-09-04 00:00:00,610.6
2016-09-05 00:00:00,608.11
2016-09-06 00:00:00,611.1
2016-09-07 00:00:00,614.46
2016-09-08 00:00:00,627.78
2016-09-09 00:00:00,625.07
2016-09-10 00:00:00,625.76
2016-09-11 00:00:00,608.16
2016-09-12 00:00:00,609.67
2016-09-13 00:00:00,610.93
2016-09-14 00:00:00,612.08
2016-09-15 00:00:00,610.39
2016-09-16 00:00:00,609.11
2016-09-17 00:00:00,608.01
2016-09-18 00:00:00,611.59
2016-09-19 00:00:00,610.2
2016-09-20 00:00:00,609.75
2016-09-21 00:00:00,598.88
2016-09-22 00:00:00,597.42
2016-09-23 00:00:00,604.22
2016-09-24 00:00:00,603.89
2016-09-25 00:00:00,601.75
2016-09-26 00:00:00,608.15
2016-09-27 00:00:00,605.96
2016-09-28 00:00:00,605.68
2016-09-29 00:00:00,606.36
2016-09-30 00:00:00,609.4
2016-10-01 00:00:00,614.82
2016-10-02 00:00:00,610.52
2016-10-03 00:00:00,611.85
2016-10-04 00:00:00,609.62
2016-10-05 00:00:00,612.35
2016-10-06 00:00:00,612.09
2016-10-07 00:00:00,617.21
2016-10-08 00:00:00,618.05
2016-10-09 00:00:00,615.66
2016-10-10 00:00:00,617.55
2016-10-11 00:00:00,639.31
2016-10-12 00:00:00,635.01
2016-10-13 00:00:00,635.97
2016-10-14 00:00:00,639.57
2016-10-15 00:00:00,637.95
2016-10-16 00:00:00,641.43
2016-10-17 00:00:00,638.18
2016-10-18 00:00:00,636.3
2016-10-19 00:00:00,629.25
2016-10-20 00:00:00,630.23
2016-10-21 00:00:00,631.92
2016-10-22 00:00:00,655.49
2016-10-23 00:00:00,653.0
2016-10-24 00:00:00,651.4
2016-10-25 00:00:00,655.32
2016-10-26 00:00:00,672.22
2016-10-27 00:00:00,682.22
2016-10-28 00:00:00,687.69
2016-10-29 00:00:00,714.9
2016-10-30 00:00:00,698.0
2016-10-31 00:00:00,702.0
2016-11-01 00:00:00,728.21
2016-11-02 00:00:00,733.34
2016-11-03 00:00:00,686.17
2016-11-04 00:00:00,703.69
2016-11-05 00:00:00,704.79
2016-11-06 00:00:00,712.0
2016-11-07 00:00:00,703.82
2016-11-08 00:00:00,708.97
2016-11-09 00:00:00,720.93
2016-11-10 00:00:00,713.69
2016-11-11 00:00:00,715.46
2016-11-12 00:00:00,703.72
2016-11-13 00:00:00,701.9
2016-11-14 00:00:00,706.47
2016-11-15 00:00:00,710.91
2016-11-16 00:00:00,736.91
2016-11-17 00:00:00,736.96
2016-11-18 00:00:00,747.52
2016-11-19 00:00:00,750.03
2016-11-20 00:00:00,729.07
2016-11-21 00:00:00,738.54
2016-11-22 00:00:00,748.75
2016-11-23 00:00:00,741.64
2016-11-24 00:00:00,737.45
2016-11-25 00:00:00,739.79
2016-11-26 00:00:00,733.67
2016-11-27 00:00:00,727.97
2016-11-28 00:00:00,733.05
2016-11-29 00:00:00,732.71
2016-11-30 00:00:00,742.7
2016-12-01 00:00:00,752.25
2016-12-02 00:00:00,772.44
2016-12-03 00:00:00,764.34
2016-12-04 00:00:00,764.82
2016-12-05 00:00:00,754.64
2016-12-06 00:00:00,756.62
2016-12-07 00:00:00,766.12
2016-12-08 00:00:00,769.73
2016-12-09 00:00:00,770.03
2016-12-10 00:00:00,773.4
2016-12-11 00:00:00,768.3
2016-12-12 00:00:00,777.01
2016-12-13 00:00:00,778.49
2016-12-14 00:00:00,774.9
2016-12-15 00:00:00,776.75
2016-12-16 00:00:00,781.57
2016-12-17 00:00:00,788.71
2016-12-18 00:00:00,788.41
2016-12-19 00:00:00,789.52
2016-12-20 00:00:00,793.09
2016-12-21 00:00:00,824.22
2016-12-22 00:00:00,860.6
2016-12-23 00:00:00,901.32
2016-12-24 00:00:00,891.61
2016-12-25 00:00:00,886.9
2016-12-26 00:00:00,897.34
2016-12-27 00:00:00,930.38
2016-12-28 00:00:00,967.48
2016-12-29 00:00:00,963.38
2016-12-30 00:00:00,952.16
2016-12-31 00:00:00,959.88
2017-01-01 00:00:00,997.73
2017-01-02 00:00:00,1015.98
2017-01-03 00:00:00,1023.14
2017-01-04 00:00:00,1126.76
2017-01-05 00:00:00,994.67
2017-01-06 00:00:00,883.1
2017-01-07 00:00:00,896.83
2017-01-08 00:00:00,908.15
2017-01-09 00:00:00,894.18
2017-01-10 00:00:00,906.06
2017-01-11 00:00:00,785.22
2017-01-12 00:00:00,803.37
2017-01-13 00:00:00,826.3
2017-01-14 00:00:00,817.91
2017-01-15 00:00:00,822.21
2017-01-16 00:00:00,830.51
2017-01-17 00:00:00,903.85
2017-01-18 00:00:00,874.99
2017-01-19 00:00:00,895.8
2017-01-20 00:00:00,893.62
2017-01-21 00:00:00,920.45
2017-01-22 00:00:00,918.6
2017-01-23 00:00:00,922.07
2017-01-24 00:00:00,890.32
2017-01-25 00:00:00,893.05
2017-01-26 00:00:00,915.96
2017-01-27 00:00:00,919.28
2017-01-28 00:00:00,920.31
2017-01-29 00:00:00,915.93
2017-01-30 00:00:00,921.18
2017-01-31 00:00:00,964.71
2017-02-01 00:00:00,979.7
2017-02-02 00:00:00,1007.61
2017-02-03 00:00:00,1013.03
2017-02-04 00:00:00,1031.0
2017-02-05 00:00:00,1014.84
2017-02-06 00:00:00,1024.01
2017-02-07 00:00:00,1050.11
2017-02-08 00:00:00,1052.38
2017-02-09 00:00:00,976.1
2017-02-10 00:00:00,999.1
2017-02-11 00:00:00,1008.85
2017-02-12 00:00:00,1000.6
2017-02-13 00:00:00,999.88
2017-02-14 00:00:00,1011.78
2017-02-15 00:00:00,1012.33
2017-02-16 00:00:00,1035.21
2017-02-17 00:00:00,1055.54
2017-02-18 00:00:00,1056.64
2017-02-19 00:00:00,1052.78
2017-02-20 00:00:00,1084.76
2017-02-21 00:00:00,1123.79
2017-02-22 00:00:00,1123.22
2017-02-23 00:00:00,1172.02
2017-02-24 00:00:00,1174.87
2017-02-25 00:00:00,1150.61
2017-02-26 00:00:00,1175.05
2017-02-27 00:00:00,1190.75
2017-02-28 00:00:00,1187.57
2017-03-01 00:00:00,1222.5
2017-03-02 00:00:00,1259.41
2017-03-03 00:00:00,1285.14
2017-03-04 00:00:00,1267.03
2017-03-05 00:00:00,1270.93
2017-03-06 00:00:00,1275.2
2017-03-07 00:00:00,1238.45
2017-03-08 00:00:00,1157.39
2017-03-09 00:00:00,1192.47
2017-03-10 00:00:00,1098.62
2017-03-11 00:00:00,1179.16
2017-03-12 00:00:00,1227.49
2017-03-13 00:00:00,1239.82
2017-03-14 00:00:00,1245.37
2017-03-15 00:00:00,1257.4
2017-03-16 00:00:00,1180.95
2017-03-17 00:00:00,1091.17
2017-03-18 00:00:00,952.23
2017-03-19 00:00:00,1029.8
2017-03-20 00:00:00,1049.08
2017-03-21 00:00:00,1118.63
2017-03-22 00:00:00,1028.73
2017-03-23 00:00:00,1038.79
2017-03-24 00:00:00,941.92
2017-03-25 00:00:00,959.34
2017-03-26 00:00:00,956.79
2017-03-27 00:00:00,1037.23
2017-03-28 00:00:00,1046.13
2017-03-29 00:00:00,1040.58
2017-03-30 00:00:00,1037.9
2017-03-31 00:00:00,1079.55
2017-04-01 00:00:00,1086.93
2017-04-02 00:00:00,1099.17
2017-04-03 00:00:00,1141.81
2017-04-04 00:00:00,1141.6
2017-04-05 00:00:00,1133.08
2017-04-06 00:00:00,1196.31
2009-01-03 00:00:00,0.0
2009-01-04 00:00:00,0.0
2009-01-05 00:00:00,0.0
2009-01-06 00:00:00,0.0
2009-01-07 00:00:00,0.0
2009-01-08 00:00:00,0.0
2009-01-09 00:00:00,0.0
2009-01-10 00:00:00,0.0
2009-01-11 00:00:00,0.0
2009-01-12 00:00:00,0.0
2009-01-13 00:00:00,0.0
2009-01-14 00:00:00,0.0
2009-01-15 00:00:00,0.0
2009-01-16 00:00:00,0.0
2009-01-17 00:00:00,0.0
2009-01-18 00:00:00,0.0
2009-01-19 00:00:00,0.0
2009-01-20 00:00:00,0.0
2009-01-21 00:00:00,0.0
2009-01-22 00:00:00,0.0
2009-01-23 00:00:00,0.0
2009-01-24 00:00:00,0.0
2009-01-25 00:00:00,0.0
2009-01-26 00:00:00,0.0
2009-01-27 00:00:00,0.0
2009-01-28 00:00:00,0.0
2009-01-29 00:00:00,0.0
2009-01-30 00:00:00,0.0
2009-01-31 00:00:00,0.0
2009-02-01 00:00:00,0.0
2009-02-02 00:00:00,0.0
2009-02-03 00:00:00,0.0
2009-02-04 00:00:00,0.0
2009-02-05 00:00:00,0.0
2009-02-06 00:00:00,0.0
2009-02-07 00:00:00,0.0
2009-02-08 00:00:00,0.0
2009-02-09 00:00:00,0.0
2009-02-10 00:00:00,0.0
2009-02-11 00:00:00,0.0
2009-02-12 00:00:00,0.0
2009-02-13 00:00:00,0.0
2009-02-14 00:00:00,0.0
2009-02-15 00:00:00,0.0
2009-02-16 00:00:00,0.0
2009-02-17 00:00:00,0.0
2009-02-18 00:00:00,0.0
2009-02-19 00:00:00,0.0
2009-02-20 00:00:00,0.0
2009-02-21 00:00:00,0.0
2009-02-22 00:00:00,0.0
2009-02-23 00:00:00,0.0
2009-02-24 00:00:00,0.0
2009-02-25 00:00:00,0.0
2009-02-26 00:00:00,0.0
2009-02-27 00:00:00,0.0
2009-02-28 00:00:00,0.0
2009-03-01 00:00:00,0.0
2009-03-02 00:00:00,0.0
2009-03-03 00:00:00,0.0
2009-03-04 00:00:00,0.0
2009-03-05 00:00:00,0.0
2009-03-06 00:00:00,0.0
2009-03-07 00:00:00,0.0
2009-03-08 00:00:00,0.0
2009-03-09 00:00:00,0.0
2009-03-10 00:00:00,0.0
2009-03-11 00:00:00,0.0
2009-03-12 00:00:00,0.0
2009-03-13 00:00:00,0.0
2009-03-14 00:00:00,0.0
2009-03-15 00:00:00,0.0
2009-03-16 00:00:00,0.0
2009-03-17 00:00:00,0.0
2009-03-18 00:00:00,0.0
2009-03-19 00:00:00,0.0
2009-03-20 00:00:00,0.0
2009-03-21 00:00:00,0.0
2009-03-22 00:00:00,0.0
2009-03-23 00:00:00,0.0
2009-03-24 00:00:00,0.0
2009-03-25 00:00:00,0.0
2009-03-26 00:00:00,0.0
2009-03-27 00:00:00,0.0
2009-03-28 00:00:00,0.0
2009-03-29 00:00:00,0.0
2009-03-30 00:00:00,0.0
2009-03-31 00:00:00,0.0
2009-04-01 00:00:00,0.0
2009-04-02 00:00:00,0.0
2009-04-03 00:00:00,0.0
2009-04-04 00:00:00,0.0
2009-04-05 00:00:00,0.0
2009-04-06 00:00:00,0.0
2009-04-07 00:00:00,0.0
2009-04-08 00:00:00,0.0
2009-04-09 00:00:00,0.0
2009-04-10 00:00:00,0.0
2009-04-11 00:00:00,0.0
2009-04-12 00:00:00,0.0
2009-04-13 00:00:00,0.0
2009-04-14 00:00:00,0.0
2009-04-15 00:00:00,0.0
2009-04-16 00:00:00,0.0
2009-04-17 00:00:00,0.0
2009-04-18 00:00:00,0.0
2009-04-19 00:00:00,0.0
2009-04-20 00:00:00,0.0
2009-04-21 00:00:00,0.0
2009-04-22 00:00:00,0.0
2009-04-23 00:00:00,0.0
2009-04-24 00:00:00,0.0
2009-04-25 00:00:00,0.0
2009-04-26 00:00:00,0.0
2009-04-27 00:00:00,0.0
2009-04-28 00:00:00,0.0
2009-04-29 00:00:00,0.0
2009-04-30 00:00:00,0.0
2009-05-01 00:00:00,0.0
2009-05-02 00:00:00,0.0
2009-05-03 00:00:00,0.0
2009-05-04 00:00:00,0.0
2009-05-05 00:00:00,0.0
2009-05-06 00:00:00,0.0
2009-05-07 00:00:00,0.0
2009-05-08 00:00:00,0.0
2009-05-09 00:00:00,0.0
2009-05-10 00:00:00,0.0
2009-05-11 00:00:00,0.0
2009-05-12 00:00:00,0.0
2009-05-13 00:00:00,0.0
2009-05-14 00:00:00,0.0
2009-05-15 00:00:00,0.0
2009-05-16 00:00:00,0.0
2009-05-17 00:00:00,0.0
2009-05-18 00:00:00,0.0
2009-05-19 00:00:00,0.0
2009-05-20 00:00:00,0.0
2009-05-21 00:00:00,0.0
2009-05-22 00:00:00,0.0
2009-05-23 00:00:00,0.0
2009-05-24 00:00:00,0.0
2009-05-25 00:00:00,0.0
2009-05-26 00:00:00,0.0
2009-05-27 00:00:00,0.0
2009-05-28 00:00:00,0.0
2009-05-29 00:00:00,0.0
2009-05-30 00:00:00,0.0
2009-05-31 00:00:00,0.0
2009-06-01 00:00:00,0.0
2009-06-02 00:00:00,0.0
2009-06-03 00:00:00,0.0
2009-06-04 00:00:00,0.0
2009-06-05 00:00:00,0.0
2009-06-06 00:00:00,0.0
2009-06-07 00:00:00,0.0
2009-06-08 00:00:00,0.0
2009-06-09 00:00:00,0.0
2009-06-10 00:00:00,0.0
2009-06-11 00:00:00,0.0
2009-06-12 00:00:00,0.0
2009-06-13 00:00:00,0.0
2009-06-14 00:00:00,0.0
2009-06-15 00:00:00,0.0
2009-06-16 00:00:00,0.0
2009-06-17 00:00:00,0.0
2009-06-18 00:00:00,0.0
2009-06-19 00:00:00,0.0
2009-06-20 00:00:00,0.0
2009-06-21 00:00:00,0.0
2009-06-22 00:00:00,0.0
2009-06-23 00:00:00,0.0
2009-06-24 00:00:00,0.0
2009-06-25 00:00:00,0.0
2009-06-26 00:00:00,0.0
2009-06-27 00:00:00,0.0
2009-06-28 00:00:00,0.0
2009-06-29 00:00:00,0.0
2009-06-30 00:00:00,0.0
2009-07-01 00:00:00,0.0
2009-07-02 00:00:00,0.0
2009-07-03 00:00:00,0.0
2009-07-04 00:00:00,0.0
2009-07-05 00:00:00,0.0
2009-07-06 00:00:00,0.0
2009-07-07 00:00:00,0.0
2009-07-08 00:00:00,0.0
2009-07-09 00:00:00,0.0
2009-07-10 00:00:00,0.0
2009-07-11 00:00:00,0.0
2009-07-12 00:00:00,0.0
2009-07-13 00:00:00,0.0
2009-07-14 00:00:00,0.0
2009-07-15 00:00:00,0.0
2009-07-16 00:00:00,0.0
2009-07-17 00:00:00,0.0
2009-07-18 00:00:00,0.0
2009-07-19 00:00:00,0.0
2009-07-20 00:00:00,0.0
2009-07-21 00:00:00,0.0
2009-07-22 00:00:00,0.0
2009-07-23 00:00:00,0.0
2009-07-24 00:00:00,0.0
2009-07-25 00:00:00,0.0
2009-07-26 00:00:00,0.0
2009-07-27 00:00:00,0.0
2009-07-28 00:00:00,0.0
2009-07-29 00:00:00,0.0
2009-07-30 00:00:00,0.0
2009-07-31 00:00:00,0.0
2009-08-01 00:00:00,0.0
2009-08-02 00:00:00,0.0
2009-08-03 00:00:00,0.0
2009-08-04 00:00:00,0.0
2009-08-05 00:00:00,0.0
2009-08-06 00:00:00,0.0
2009-08-07 00:00:00,0.0
2009-08-08 00:00:00,0.0
2009-08-09 00:00:00,0.0
2009-08-10 00:00:00,0.0
2009-08-11 00:00:00,0.0
2009-08-12 00:00:00,0.0
2009-08-13 00:00:00,0.0
2009-08-14 00:00:00,0.0
2009-08-15 00:00:00,0.0
2009-08-16 00:00:00,0.0
2009-08-17 00:00:00,0.0
2009-08-18 00:00:00,0.0
2009-08-19 00:00:00,0.0
2009-08-20 00:00:00,0.0
2009-08-21 00:00:00,0.0
2009-08-22 00:00:00,0.0
2009-08-23 00:00:00,0.0
2009-08-24 00:00:00,0.0
2009-08-25 00:00:00,0.0
2009-08-26 00:00:00,0.0
2009-08-27 00:00:00,0.0
2009-08-28 00:00:00,0.0
2009-08-29 00:00:00,0.0
2009-08-30 00:00:00,0.0
2009-08-31 00:00:00,0.0
2009-09-01 00:00:00,0.0
2009-09-02 00:00:00,0.0
2009-09-03 00:00:00,0.0
2009-09-04 00:00:00,0.0
2009-09-05 00:00:00,0.0
2009-09-06 00:00:00,0.0
2009-09-07 00:00:00,0.0
2009-09-08 00:00:00,0.0
2009-09-09 00:00:00,0.0
2009-09-10 00:00:00,0.0
2009-09-11 00:00:00,0.0
2009-09-12 00:00:00,0.0
2009-09-13 00:00:00,0.0
2009-09-14 00:00:00,0.0
2009-09-15 00:00:00,0.0
2009-09-16 00:00:00,0.0
2009-09-17 00:00:00,0.0
2009-09-18 00:00:00,0.0
2009-09-19 00:00:00,0.0
2009-09-20 00:00:00,0.0
2009-09-21 00:00:00,0.0
2009-09-22 00:00:00,0.0
2009-09-23 00:00:00,0.0
2009-09-24 00:00:00,0.0
2009-09-25 00:00:00,0.0
2009-09-26 00:00:00,0.0
2009-09-27 00:00:00,0.0
2009-09-28 00:00:00,0.0
2009-09-29 00:00:00,0.0
2009-09-30 00:00:00,0.0
2009-10-01 00:00:00,0.0
2009-10-02 00:00:00,0.0
2009-10-03 00:00:00,0.0
2009-10-04 00:00:00,0.0
2009-10-05 00:00:00,0.0
2009-10-06 00:00:00,0.0
2009-10-07 00:00:00,0.0
2009-10-08 00:00:00,0.0
2009-10-09 00:00:00,0.0
2009-10-10 00:00:00,0.0
2009-10-11 00:00:00,0.0
2009-10-12 00:00:00,0.0
2009-10-13 00:00:00,0.0
2009-10-14 00:00:00,0.0
2009-10-15 00:00:00,0.0
2009-10-16 00:00:00,0.0
2009-10-17 00:00:00,0.0
2009-10-18 00:00:00,0.0
2009-10-19 00:00:00,0.0
2009-10-20 00:00:00,0.0
2009-10-21 00:00:00,0.0
2009-10-22 00:00:00,0.0
2009-10-23 00:00:00,0.0
2009-10-24 00:00:00,0.0
2009-10-25 00:00:00,0.0
2009-10-26 00:00:00,0.0
2009-10-27 00:00:00,0.0
2009-10-28 00:00:00,0.0
2009-10-29 00:00:00,0.0
2009-10-30 00:00:00,0.0
2009-10-31 00:00:00,0.0
2009-11-01 00:00:00,0.0
2009-11-02 00:00:00,0.0
2009-11-03 00:00:00,0.0
2009-11-04 00:00:00,0.0
2009-11-05 00:00:00,0.0
2009-11-06 00:00:00,0.0
2009-11-07 00:00:00,0.0
2009-11-08 00:00:00,0.0
2009-11-09 00:00:00,0.0
2009-11-10 00:00:00,0.0
2009-11-11 00:00:00,0.0
2009-11-12 00:00:00,0.0
2009-11-13 00:00:00,0.0
2009-11-14 00:00:00,0.0
2009-11-15 00:00:00,0.0
2009-11-16 00:00:00,0.0
2009-11-17 00:00:00,0.0
2009-11-18 00:00:00,0.0
2009-11-19 00:00:00,0.0
2009-11-20 00:00:00,0.0
2009-11-21 00:00:00,0.0
2009-11-22 00:00:00,0.0
2009-11-23 00:00:00,0.0
2009-11-24 00:00:00,0.0
2009-11-25 00:00:00,0.0
2009-11-26 00:00:00,0.0
2009-11-27 00:00:00,0.0
2009-11-28 00:00:00,0.0
2009-11-29 00:00:00,0.0
2009-11-30 00:00:00,0.0
2009-12-01 00:00:00,0.0
2009-12-02 00:00:00,0.0
2009-12-03 00:00:00,0.0
2009-12-04 00:00:00,0.0
2009-12-05 00:00:00,0.0
2009-12-06 00:00:00,0.0
2009-12-07 00:00:00,0.0
2009-12-08 00:00:00,0.0
2009-12-09 00:00:00,0.0
2009-12-10 00:00:00,0.0
2009-12-11 00:00:00,0.0
2009-12-12 00:00:00,0.0
2009-12-13 00:00:00,0.0
2009-12-14 00:00:00,0.0
2009-12-15 00:00:00,0.0
2009-12-16 00:00:00,0.0
2009-12-17 00:00:00,0.0
2009-12-18 00:00:00,0.0
2009-12-19 00:00:00,0.0
2009-12-20 00:00:00,0.0
2009-12-21 00:00:00,0.0
2009-12-22 00:00:00,0.0
2009-12-23 00:00:00,0.0
2009-12-24 00:00:00,0.0
2009-12-25 00:00:00,0.0
2009-12-26 00:00:00,0.0
2009-12-27 00:00:00,0.0
2009-12-28 00:00:00,0.0
2009-12-29 00:00:00,0.0
2009-12-30 00:00:00,0.0
2009-12-31 00:00:00,0.0
2010-01-01 00:00:00,0.0
2010-01-02 00:00:00,0.0
2010-01-03 00:00:00,0.0
2010-01-04 00:00:00,0.0
2010-01-05 00:00:00,0.0
2010-01-06 00:00:00,0.0
2010-01-07 00:00:00,0.0
2010-01-08 00:00:00,0.0
2010-01-09 00:00:00,0.0
2010-01-10 00:00:00,0.0
2010-01-11 00:00:00,0.0
2010-01-12 00:00:00,0.0
2010-01-13 00:00:00,0.0
2010-01-14 00:00:00,0.0
2010-01-15 00:00:00,0.0
2010-01-16 00:00:00,0.0
2010-01-17 00:00:00,0.0
2010-01-18 00:00:00,0.0
2010-01-19 00:00:00,0.0
2010-01-20 00:00:00,0.0
2010-01-21 00:00:00,0.0
2010-01-22 00:00:00,0.0
2010-01-23 00:00:00,0.0
2010-01-24 00:00:00,0.0
2010-01-25 00:00:00,0.0
2010-01-26 00:00:00,0.0
2010-01-27 00:00:00,0.0
2010-01-28 00:00:00,0.0
2010-01-29 00:00:00,0.0
2010-01-30 00:00:00,0.0
2010-01-31 00:00:00,0.0
2010-02-01 00:00:00,0.0
2010-02-02 00:00:00,0.0
2010-02-03 00:00:00,0.0
2010-02-04 00:00:00,0.0
2010-02-05 00:00:00,0.0
2010-02-06 00:00:00,0.0
2010-02-07 00:00:00,0.0
2010-02-08 00:00:00,0.0
2010-02-09 00:00:00,0.0
2010-02-10 00:00:00,0.0
2010-02-11 00:00:00,0.0
2010-02-12 00:00:00,0.0
2010-02-13 00:00:00,0.0
2010-02-14 00:00:00,0.0
2010-02-15 00:00:00,0.0
2010-02-16 00:00:00,0.0
2010-02-17 00:00:00,0.0
2010-02-18 00:00:00,0.0
2010-02-19 00:00:00,0.0
2010-02-20 00:00:00,0.0
2010-02-21 00:00:00,0.0
2010-02-22 00:00:00,0.0
2010-02-23 00:00:00,0.0
2010-02-24 00:00:00,0.0
2010-02-25 00:00:00,0.0
2010-02-26 00:00:00,0.0
2010-02-27 00:00:00,0.0
2010-02-28 00:00:00,0.0
2010-03-01 00:00:00,0.0
2010-03-02 00:00:00,0.0
2010-03-03 00:00:00,0.0
2010-03-04 00:00:00,0.0
2010-03-05 00:00:00,0.0
2010-03-06 00:00:00,0.0
2010-03-07 00:00:00,0.0
2010-03-08 00:00:00,0.0
2010-03-09 00:00:00,0.0
2010-03-10 00:00:00,0.0
2010-03-11 00:00:00,0.0
2010-03-12 00:00:00,0.0
2010-03-13 00:00:00,0.0
2010-03-14 00:00:00,0.0
2010-03-15 00:00:00,0.0
2010-03-16 00:00:00,0.0
2010-03-17 00:00:00,0.0
2010-03-18 00:00:00,0.0
2010-03-19 00:00:00,0.0
2010-03-20 00:00:00,0.0
2010-03-21 00:00:00,0.0
2010-03-22 00:00:00,0.0
2010-03-23 00:00:00,0.0
2010-03-24 00:00:00,0.0
2010-03-25 00:00:00,0.0
2010-03-26 00:00:00,0.0
2010-03-27 00:00:00,0.0
2010-03-28 00:00:00,0.0
2010-03-29 00:00:00,0.0
2010-03-30 00:00:00,0.0
2010-03-31 00:00:00,0.0
2010-04-01 00:00:00,0.0
2010-04-02 00:00:00,0.0
2010-04-03 00:00:00,0.0
2010-04-04 00:00:00,0.0
2010-04-05 00:00:00,0.0
2010-04-06 00:00:00,0.0
2010-04-07 00:00:00,0.0
2010-04-08 00:00:00,0.0
2010-04-09 00:00:00,0.0
2010-04-10 00:00:00,0.0
2010-04-11 00:00:00,0.0
2010-04-12 00:00:00,0.0
2010-04-13 00:00:00,0.0
2010-04-14 00:00:00,0.0
2010-04-15 00:00:00,0.0
2010-04-16 00:00:00,0.0
2010-04-17 00:00:00,0.0
2010-04-18 00:00:00,0.0
2010-04-19 00:00:00,0.0
2010-04-20 00:00:00,0.0
2010-04-21 00:00:00,0.0
2010-04-22 00:00:00,0.0
2010-04-23 00:00:00,0.0
2010-04-24 00:00:00,0.0
2010-04-25 00:00:00,0.0
2010-04-26 00:00:00,0.0
2010-04-27 00:00:00,0.0
2010-04-28 00:00:00,0.0
2010-04-29 00:00:00,0.0
2010-04-30 00:00:00,0.0
2010-05-01 00:00:00,0.0
2010-05-02 00:00:00,0.0
2010-05-03 00:00:00,0.0
2010-05-04 00:00:00,0.0
2010-05-05 00:00:00,0.0
2010-05-06 00:00:00,0.0
2010-05-07 00:00:00,0.0
2010-05-08 00:00:00,0.0
2010-05-09 00:00:00,0.0
2010-05-10 00:00:00,0.0
2010-05-11 00:00:00,0.0
2010-05-12 00:00:00,0.0
2010-05-13 00:00:00,0.0
2010-05-14 00:00:00,0.0
2010-05-15 00:00:00,0.0
2010-05-16 00:00:00,0.0
2010-05-17 00:00:00,0.0
2010-05-18 00:00:00,0.0
2010-05-19 00:00:00,0.0
2010-05-20 00:00:00,0.0
2010-05-21 00:00:00,0.0
2010-05-22 00:00:00,0.0
2010-05-23 00:00:00,0.0
2010-05-24 00:00:00,0.0
2010-05-25 00:00:00,0.0
2010-05-26 00:00:00,0.0
2010-05-27 00:00:00,0.0
2010-05-28 00:00:00,0.0
2010-05-29 00:00:00,0.0
2010-05-30 00:00:00,0.0
2010-05-31 00:00:00,0.0
2010-06-01 00:00:00,0.0
2010-06-02 00:00:00,0.0
2010-06-03 00:00:00,0.0
2010-06-04 00:00:00,0.0
2010-06-05 00:00:00,0.0
2010-06-06 00:00:00,0.0
2010-06-07 00:00:00,0.0
2010-06-08 00:00:00,0.0
2010-06-09 00:00:00,0.0
2010-06-10 00:00:00,0.0
2010-06-11 00:00:00,0.0
2010-06-12 00:00:00,0.0
2010-06-13 00:00:00,0.0
2010-06-14 00:00:00,0.0
2010-06-15 00:00:00,0.0
2010-06-16 00:00:00,0.0
2010-06-17 00:00:00,0.0
2010-06-18 00:00:00,0.0
2010-06-19 00:00:00,0.0
2010-06-20 00:00:00,0.0
2010-06-21 00:00:00,0.0
2010-06-22 00:00:00,0.0
2010-06-23 00:00:00,0.0
2010-06-24 00:00:00,0.0
2010-06-25 00:00:00,0.0
2010-06-26 00:00:00,0.0
2010-06-27 00:00:00,0.0
2010-06-28 00:00:00,0.0
2010-06-29 00:00:00,0.0
2010-06-30 00:00:00,0.0
2010-07-01 00:00:00,0.0
2010-07-02 00:00:00,0.0
2010-07-03 00:00:00,0.0
2010-07-04 00:00:00,0.0
2010-07-05 00:00:00,0.0
2010-07-06 00:00:00,0.0
2010-07-07 00:00:00,0.0
2010-07-08 00:00:00,0.0
2010-07-09 00:00:00,0.0
2010-07-10 00:00:00,0.0
2010-07-11 00:00:00,0.0
2010-07-12 00:00:00,0.0
2010-07-13 00:00:00,0.0
2010-07-14 00:00:00,0.0
2010-07-15 00:00:00,0.0
2010-07-16 00:00:00,0.0
2010-07-17 00:00:00,0.0
2010-07-18 00:00:00,0.0
2010-07-19 00:00:00,0.0
2010-07-20 00:00:00,0.0
2010-07-21 00:00:00,0.0
2010-07-22 00:00:00,0.0
2010-07-23 00:00:00,0.0
2010-07-24 00:00:00,0.0
2010-07-25 00:00:00,0.0
2010-07-26 00:00:00,0.0
2010-07-27 00:00:00,0.0
2010-07-28 00:00:00,0.0
2010-07-29 00:00:00,0.0
2010-07-30 00:00:00,0.0
2010-07-31 00:00:00,0.0
2010-08-01 00:00:00,0.0
2010-08-02 00:00:00,0.0
2010-08-03 00:00:00,0.0
2010-08-04 00:00:00,0.0
2010-08-05 00:00:00,0.0
2010-08-06 00:00:00,0.0
2010-08-07 00:00:00,0.0
2010-08-08 00:00:00,0.0
2010-08-09 00:00:00,0.0
2010-08-10 00:00:00,0.0
2010-08-11 00:00:00,0.0
2010-08-12 00:00:00,0.0
2010-08-13 00:00:00,0.0
2010-08-14 00:00:00,0.0
2010-08-15 00:00:00,0.0
2010-08-16 00:00:00,0.0
2010-08-17 00:00:00,0.0
2010-08-18 00:00:00,0.07
2010-08-19 00:00:00,0.07
2010-08-20 00:00:00,0.07
2010-08-21 00:00:00,0.07
2010-08-22 00:00:00,0.07
2010-08-23 00:00:00,0.07
2010-08-24 00:00:00,0.07
2010-08-25 00:00:00,0.07
2010-08-26 00:00:00,0.07
2010-08-27 00:00:00,0.07
2010-08-28 00:00:00,0.07
2010-08-29 00:00:00,0.07
2010-08-30 00:00:00,0.07
2010-08-31 00:00:00,0.07
2010-09-01 00:00:00,0.06
2010-09-02 00:00:00,0.06
2010-09-03 00:00:00,0.06
2010-09-04 00:00:00,0.06
2010-09-05 00:00:00,0.06
2010-09-06 00:00:00,0.06
2010-09-07 00:00:00,0.06
2010-09-08 00:00:00,0.06
2010-09-09 00:00:00,0.06
2010-09-10 00:00:00,0.06
2010-09-11 00:00:00,0.06
2010-09-12 00:00:00,0.06
2010-09-13 00:00:00,0.06
2010-09-14 00:00:00,0.06
2010-09-15 00:00:00,0.18
2010-09-16 00:00:00,0.18
2010-09-17 00:00:00,0.06
2010-09-18 00:00:00,0.06
2010-09-19 00:00:00,0.06
2010-09-20 00:00:00,0.06
2010-09-21 00:00:00,0.06
2010-09-22 00:00:00,0.06
2010-09-23 00:00:00,0.06
2010-09-24 00:00:00,0.06
2010-09-25 00:00:00,0.06
2010-09-26 00:00:00,0.06
2010-09-27 00:00:00,0.06
2010-09-28 00:00:00,0.06
2010-09-29 00:00:00,0.06
2010-09-30 00:00:00,0.06
2010-10-01 00:00:00,0.06
2010-10-02 00:00:00,0.06
2010-10-03 00:00:00,0.06
2010-10-04 00:00:00,0.06
2010-10-05 00:00:00,0.06
2010-10-06 00:00:00,0.06
2010-10-07 00:00:00,0.06
2010-10-08 00:00:00,0.06
2010-10-09 00:00:00,0.12
2010-10-10 00:00:00,0.12
2010-10-11 00:00:00,0.13
2010-10-12 00:00:00,0.13
2010-10-13 00:00:00,0.1
2010-10-14 00:00:00,0.1
2010-10-15 00:00:00,0.12
2010-10-16 00:00:00,0.12
2010-10-17 00:00:00,0.1
2010-10-18 00:00:00,0.1
2010-10-19 00:00:00,0.1
2010-10-20 00:00:00,0.1
2010-10-21 00:00:00,0.11
2010-10-22 00:00:00,0.11
2010-10-23 00:00:00,0.11
2010-10-24 00:00:00,0.11
2010-10-25 00:00:00,0.15
2010-10-26 00:00:00,0.15
2010-10-27 00:00:00,0.19
2010-10-28 00:00:00,0.19
2010-10-29 00:00:00,0.19
2010-10-30 00:00:00,0.19
2010-10-31 00:00:00,0.2
2010-11-01 00:00:00,0.2
2010-11-02 00:00:00,0.2
2010-11-03 00:00:00,0.2
2010-11-04 00:00:00,0.24
2010-11-05 00:00:00,0.24
2010-11-06 00:00:00,0.29
2010-11-07 00:00:00,0.29
2010-11-08 00:00:00,0.37
2010-11-09 00:00:00,0.37
2010-11-10 00:00:00,0.27
2010-11-11 00:00:00,0.27
2010-11-12 00:00:00,0.25
2010-11-13 00:00:00,0.25
2010-11-14 00:00:00,0.3
2010-11-15 00:00:00,0.3
2010-11-16 00:00:00,0.28
2010-11-17 00:00:00,0.28
2010-11-18 00:00:00,0.29
2010-11-19 00:00:00,0.29
2010-11-20 00:00:00,0.29
2010-11-21 00:00:00,0.29
2010-11-22 00:00:00,0.28
2010-11-23 00:00:00,0.28
2010-11-24 00:00:00,0.28
2010-11-25 00:00:00,0.28
2010-11-26 00:00:00,0.29
2010-11-27 00:00:00,0.29
2010-11-28 00:00:00,0.28
2010-11-29 00:00:00,0.28
2010-11-30 00:00:00,0.28
2010-12-01 00:00:00,0.28
2010-12-02 00:00:00,0.25
2010-12-03 00:00:00,0.25
2010-12-04 00:00:00,0.26
2010-12-05 00:00:00,0.26
2010-12-06 00:00:00,0.23
2010-12-07 00:00:00,0.23
2010-12-08 00:00:00,0.25
2010-12-09 00:00:00,0.25
2010-12-10 00:00:00,0.2
2010-12-11 00:00:00,0.2
2010-12-12 00:00:00,0.23
2010-12-13 00:00:00,0.23
2010-12-14 00:00:00,0.23
2010-12-15 00:00:00,0.23
2010-12-16 00:00:00,0.25
2010-12-17 00:00:00,0.25
2010-12-18 00:00:00,0.25
2010-12-19 00:00:00,0.25
2010-12-20 00:00:00,0.28
2010-12-21 00:00:00,0.28
2010-12-22 00:00:00,0.27
2010-12-23 00:00:00,0.27
2010-12-24 00:00:00,0.25
2010-12-25 00:00:00,0.25
2010-12-26 00:00:00,0.27
2010-12-27 00:00:00,0.27
2010-12-28 00:00:00,0.28
2010-12-29 00:00:00,0.28
2010-12-30 00:00:00,0.3
2010-12-31 00:00:00,0.3
2011-01-01 00:00:00,0.3
2011-01-02 00:00:00,0.3
2011-01-03 00:00:00,0.3
2011-01-04 00:00:00,0.3
2011-01-05 00:00:00,0.3
2011-01-06 00:00:00,0.3
2011-01-07 00:00:00,0.32
2011-01-08 00:00:00,0.32
2011-01-09 00:00:00,0.32
2011-01-10 00:00:00,0.32
2011-01-11 00:00:00,0.33
2011-01-12 00:00:00,0.33
2011-01-13 00:00:00,0.41
2011-01-14 00:00:00,0.41
2011-01-15 00:00:00,0.4
2011-01-16 00:00:00,0.4
2011-01-17 00:00:00,0.4
2011-01-18 00:00:00,0.4
2011-01-19 00:00:00,0.34
2011-01-20 00:00:00,0.34
2011-01-21 00:00:00,0.44
2011-01-22 00:00:00,0.44
2011-01-23 00:00:00,0.44
2011-01-24 00:00:00,0.44
2011-01-25 00:00:00,0.43
2011-01-26 00:00:00,0.43
2011-01-27 00:00:00,0.42
2011-01-28 00:00:00,0.42
2011-01-29 00:00:00,0.45
2011-01-30 00:00:00,0.45
2011-01-31 00:00:00,0.5
2011-02-01 00:00:00,0.5
2011-02-02 00:00:00,0.84
2011-02-03 00:00:00,0.84
2011-02-04 00:00:00,0.88
2011-02-05 00:00:00,0.88
2011-02-06 00:00:00,0.92
2011-02-07 00:00:00,0.92
2011-02-08 00:00:00,0.9
2011-02-09 00:00:00,0.9
2011-02-10 00:00:00,1.1
2011-02-11 00:00:00,1.1
2011-02-12 00:00:00,1.09
2011-02-13 00:00:00,1.09
2011-02-14 00:00:00,1.08
2011-02-15 00:00:00,1.08
2011-02-16 00:00:00,1.05
2011-02-17 00:00:00,1.05
2011-02-18 00:00:00,1.05
2011-02-19 00:00:00,1.05
2011-02-20 00:00:00,0.95
2011-02-21 00:00:00,0.95
2011-02-22 00:00:00,0.87
2011-02-23 00:00:00,0.87
2011-02-24 00:00:00,0.95
2011-02-25 00:00:00,0.95
2011-02-26 00:00:00,0.99
2011-02-27 00:00:00,0.99
2011-02-28 00:00:00,0.95
2011-03-01 00:00:00,0.95
2011-03-02 00:00:00,0.95
2011-03-03 00:00:00,0.95
2011-03-04 00:00:00,0.94
2011-03-05 00:00:00,0.94
2011-03-06 00:00:00,0.91
2011-03-07 00:00:00,0.91
2011-03-08 00:00:00,0.91
2011-03-09 00:00:00,0.91
2011-03-10 00:00:00,0.87
2011-03-11 00:00:00,0.87
2011-03-12 00:00:00,0.92
2011-03-13 00:00:00,0.92
2011-03-14 00:00:00,0.9
2011-03-15 00:00:00,0.9
2011-03-16 00:00:00,0.89
2011-03-17 00:00:00,0.89
2011-03-18 00:00:00,0.85
2011-03-19 00:00:00,0.85
2011-03-20 00:00:00,0.79
2011-03-21 00:00:00,0.79
2011-03-22 00:00:00,0.8
2011-03-23 00:00:00,0.8
2011-03-24 00:00:00,0.9
2011-03-25 00:00:00,0.9
2011-03-26 00:00:00,0.91
2011-03-27 00:00:00,0.91
2011-03-28 00:00:00,0.86
2011-03-29 00:00:00,0.86
2011-03-30 00:00:00,0.8
2011-03-31 00:00:00,0.8
2011-04-01 00:00:00,0.8
2011-04-02 00:00:00,0.8
2011-04-03 00:00:00,0.8
2011-04-04 00:00:00,0.8
2011-04-05 00:00:00,0.71
2011-04-06 00:00:00,0.71
2011-04-07 00:00:00,0.77
2011-04-08 00:00:00,0.77
2011-04-09 00:00:00,0.77
2011-04-10 00:00:00,0.77
2011-04-11 00:00:00,0.78
2011-04-12 00:00:00,0.78
2011-04-13 00:00:00,1.0
2011-04-14 00:00:00,1.0
2011-04-15 00:00:00,1.09
2011-04-16 00:00:00,1.09
2011-04-17 00:00:00,1.09
2011-04-18 00:00:00,1.09
2011-04-19 00:00:00,1.19
2011-04-20 00:00:00,1.19
2011-04-21 00:00:00,1.2
2011-04-22 00:00:00,1.2
2011-04-23 00:00:00,1.55
2011-04-24 00:00:00,1.55
2011-04-25 00:00:00,1.7
2011-04-26 00:00:00,1.7
2011-04-27 00:00:00,1.95
2011-04-28 00:00:00,1.95
2011-04-29 00:00:00,2.7
2011-04-30 00:00:00,2.7
2011-05-01 00:00:00,4.09
2011-05-02 00:00:00,4.09
2011-05-03 00:00:00,3.49
2011-05-04 00:00:00,3.49
2011-05-05 00:00:00,3.5
2011-05-06 00:00:00,3.5
2011-05-07 00:00:00,3.7
2011-05-08 00:00:00,3.7
2011-05-09 00:00:00,3.94
2011-05-10 00:00:00,3.94
2011-05-11 00:00:00,6.07
2011-05-12 00:00:00,6.07
2011-05-13 00:00:00,8.45
2011-05-14 00:00:00,8.45
2011-05-15 00:00:00,8.55
2011-05-16 00:00:00,8.55
2011-05-17 00:00:00,8.39
2011-05-18 00:00:00,8.39
2011-05-19 00:00:00,7.34
2011-05-20 00:00:00,7.34
2011-05-21 00:00:00,6.6
2011-05-22 00:00:00,6.6
2011-05-23 00:00:00,7.45
2011-05-24 00:00:00,7.45
2011-05-25 00:00:00,7.51
2011-05-26 00:00:00,7.51
2011-05-27 00:00:00,8.92
2011-05-28 00:00:00,8.92
2011-05-29 00:00:00,8.5
2011-05-30 00:00:00,8.5
2011-05-31 00:00:00,9.5
2011-06-01 00:00:00,9.5
2011-06-02 00:00:00,10.57
2011-06-03 00:00:00,10.57
2011-06-04 00:00:00,17.41
2011-06-05 00:00:00,17.41
2011-06-06 00:00:00,19.23
2011-06-07 00:00:00,19.23
2011-06-08 00:00:00,31.91
2011-06-09 00:00:00,31.91
2011-06-10 00:00:00,35.0
2011-06-11 00:00:00,35.0
2011-06-12 00:00:00,24.99
2011-06-13 00:00:00,24.99
2011-06-14 00:00:00,20.99
2011-06-15 00:00:00,20.99
2011-06-16 00:00:00,19.96
2011-06-17 00:00:00,19.96
2011-06-18 00:00:00,17.2
2011-06-19 00:00:00,17.2
2011-06-20 00:00:00,17.35
2011-06-21 00:00:00,17.35
2011-06-22 00:00:00,15.05
2011-06-23 00:00:00,15.05
2011-06-24 00:00:00,16.75
2011-06-25 00:00:00,16.75
2011-06-26 00:00:00,17.51
2011-06-27 00:00:00,17.51
2011-06-28 00:00:00,17.52
2011-06-29 00:00:00,17.52
2011-06-30 00:00:00,17.5
2011-07-01 00:00:00,17.5
2011-07-02 00:00:00,16.49
2011-07-03 00:00:00,16.49
2011-07-04 00:00:00,15.85
2011-07-05 00:00:00,15.85
2011-07-06 00:00:00,16.5
2011-07-07 00:00:00,16.5
2011-07-08 00:00:00,15.64
2011-07-09 00:00:00,15.64
2011-07-10 00:00:00,15.68
2011-07-11 00:00:00,15.68
2011-07-12 00:00:00,14.64
2011-07-13 00:00:00,14.64
2011-07-14 00:00:00,14.1
2011-07-15 00:00:00,14.1
2011-07-16 00:00:00,14.1
2011-07-17 00:00:00,14.1
2011-07-18 00:00:00,13.69
2011-07-19 00:00:00,13.69
2011-07-20 00:00:00,14.04
2011-07-21 00:00:00,14.04
2011-07-22 00:00:00,13.94
2011-07-23 00:00:00,13.94
2011-07-24 00:00:00,13.98
2011-07-25 00:00:00,13.98
2011-07-26 00:00:00,14.4
2011-07-27 00:00:00,14.4
2011-07-28 00:00:00,14.0
2011-07-29 00:00:00,14.0
2011-07-30 00:00:00,13.8
2011-07-31 00:00:00,13.8
2011-08-01 00:00:00,13.55
2011-08-02 00:00:00,13.55
2011-08-03 00:00:00,13.1
2011-08-04 00:00:00,13.1
2011-08-05 00:00:00,11.55
2011-08-06 00:00:00,11.55
2011-08-07 00:00:00,9.8
2011-08-08 00:00:00,9.8
2011-08-09 00:00:00,12.1
2011-08-10 00:00:00,12.1
2011-08-11 00:00:00,10.5
2011-08-12 00:00:00,10.5
2011-08-13 00:00:00,10.05
2011-08-14 00:00:00,10.05
2011-08-15 00:00:00,11.89
2011-08-16 00:00:00,11.89
2011-08-17 00:00:00,11.3
2011-08-18 00:00:00,11.3
2011-08-19 00:00:00,11.81
2011-08-20 00:00:00,11.81
2011-08-21 00:00:00,11.59
2011-08-22 00:00:00,11.59
2011-08-23 00:00:00,11.49
2011-08-24 00:00:00,11.49
2011-08-25 00:00:00,10.97
2011-08-26 00:00:00,10.97
2011-08-27 00:00:00,9.11
2011-08-28 00:00:00,9.11
2011-08-29 00:00:00,9.48
2011-08-30 00:00:00,9.48
2011-08-31 00:00:00,9.0
2011-09-01 00:00:00,9.0
2011-09-02 00:00:00,8.5
2011-09-03 00:00:00,8.5
2011-09-04 00:00:00,8.59
2011-09-05 00:00:00,8.59
2011-09-06 00:00:00,7.66
2011-09-07 00:00:00,7.66
2011-09-08 00:00:00,7.32
2011-09-09 00:00:00,7.32
2011-09-10 00:00:00,6.21
2011-09-11 00:00:00,6.21
2011-09-12 00:00:00,7.08
2011-09-13 00:00:00,7.08
2011-09-14 00:00:00,5.99
2011-09-15 00:00:00,5.99
2011-09-16 00:00:00,5.23
2011-09-17 00:00:00,5.23
2011-09-18 00:00:00,5.0
2011-09-19 00:00:00,5.0
2011-09-20 00:00:00,6.8
2011-09-21 00:00:00,6.8
2011-09-22 00:00:00,5.83
2011-09-23 00:00:00,5.83
2011-09-24 00:00:00,5.66
2011-09-25 00:00:00,5.66
2011-09-26 00:00:00,5.46
2011-09-27 00:00:00,5.46
2011-09-28 00:00:00,4.99
2011-09-29 00:00:00,4.99
2011-09-30 00:00:00,5.35
2011-10-01 00:00:00,5.35
2011-10-02 00:00:00,5.16
2011-10-03 00:00:00,5.16
2011-10-04 00:00:00,5.03
2011-10-05 00:00:00,5.03
2011-10-06 00:00:00,4.93
2011-10-07 00:00:00,4.93
2011-10-08 00:00:00,4.59
2011-10-09 00:00:00,4.59
2011-10-10 00:00:00,4.26
2011-10-11 00:00:00,4.26
2011-10-12 00:00:00,4.21
2011-10-13 00:00:00,4.21
2011-10-14 00:00:00,4.11
2011-10-15 00:00:00,4.11
2011-10-16 00:00:00,3.9
2011-10-17 00:00:00,3.9
2011-10-18 00:00:00,2.9
2011-10-19 00:00:00,2.9
2011-10-20 00:00:00,2.42
2011-10-21 00:00:00,2.42
2011-10-22 00:00:00,3.3
2011-10-23 00:00:00,3.3
2011-10-24 00:00:00,3.2
2011-10-25 00:00:00,3.2
2011-10-26 00:00:00,2.88
2011-10-27 00:00:00,2.88
2011-10-28 00:00:00,3.26
2011-10-29 00:00:00,3.26
2011-10-30 00:00:00,3.65
2011-10-31 00:00:00,3.65
2011-11-01 00:00:00,3.35
2011-11-02 00:00:00,3.35
2011-11-03 00:00:00,3.3
2011-11-04 00:00:00,3.3
2011-11-05 00:00:00,3.21
2011-11-06 00:00:00,3.21
2011-11-07 00:00:00,3.03
2011-11-08 00:00:00,3.03
2011-11-09 00:00:00,3.11
2011-11-10 00:00:00,3.11
2011-11-11 00:00:00,3.0
2011-11-12 00:00:00,3.0
2011-11-13 00:00:00,3.1
2011-11-14 00:00:00,3.1
2011-11-15 00:00:00,2.69
2011-11-16 00:00:00,2.69
2011-11-17 00:00:00,2.6
2011-11-18 00:00:00,2.6
2011-11-19 00:00:00,2.3
2011-11-20 00:00:00,2.3
2011-11-21 00:00:00,2.29
2011-11-22 00:00:00,2.29
2011-11-23 00:00:00,2.38
2011-11-24 00:00:00,2.38
2011-11-25 00:00:00,2.56
2011-11-26 00:00:00,2.56
2011-11-27 00:00:00,2.5
2011-11-28 00:00:00,2.5
2011-11-29 00:00:00,2.98
2011-11-30 00:00:00,2.98
2011-12-01 00:00:00,3.14
2011-12-02 00:00:00,3.14
2011-12-03 00:00:00,3.13
2011-12-04 00:00:00,3.13
2011-12-05 00:00:00,2.93
2011-12-06 00:00:00,2.93
2011-12-07 00:00:00,3.08
2011-12-08 00:00:00,3.08
2011-12-09 00:00:00,3.04
2011-12-10 00:00:00,3.04
2011-12-11 00:00:00,3.38
2011-12-12 00:00:00,3.38
2011-12-13 00:00:00,3.3
2011-12-14 00:00:00,3.3
2011-12-15 00:00:00,3.19
2011-12-16 00:00:00,3.19
2011-12-17 00:00:00,3.23
2011-12-18 00:00:00,3.23
2011-12-19 00:00:00,3.7
2011-12-20 00:00:00,3.7
2011-12-21 00:00:00,4.11
2011-12-22 00:00:00,4.11
2011-12-23 00:00:00,3.95
2011-12-24 00:00:00,3.95
2011-12-25 00:00:00,4.39
2011-12-26 00:00:00,4.39
2011-12-27 00:00:00,4.06
2011-12-28 00:00:00,4.06
2011-12-29 00:00:00,4.33
2011-12-30 00:00:00,4.33
2011-12-31 00:00:00,5.0
2012-01-01 00:00:00,5.0
2012-01-02 00:00:00,5.5
2012-01-03 00:00:00,5.5
2012-01-04 00:00:00,5.61
2012-01-05 00:00:00,5.61
2012-01-06 00:00:00,7.22
2012-01-07 00:00:00,7.22
2012-01-08 00:00:00,7.2
2012-01-09 00:00:00,7.2
2012-01-10 00:00:00,6.89
2012-01-11 00:00:00,6.89
2012-01-12 00:00:00,7.0
2012-01-13 00:00:00,7.0
2012-01-14 00:00:00,6.75
2012-01-15 00:00:00,6.75
2012-01-16 00:00:00,7.19
2012-01-17 00:00:00,7.19
2012-01-18 00:00:00,6.95
2012-01-19 00:00:00,6.95
2012-01-20 00:00:00,6.58
2012-01-21 00:00:00,6.58
2012-01-22 00:00:00,6.39
2012-01-23 00:00:00,6.39
2012-01-24 00:00:00,6.52
2012-01-25 00:00:00,6.52
2012-01-26 00:00:00,6.2
2012-01-27 00:00:00,6.2
2012-01-28 00:00:00,5.75
2012-01-29 00:00:00,5.75
2012-01-30 00:00:00,5.6
2012-01-31 00:00:00,5.6
2012-02-01 00:00:00,5.64
2012-02-02 00:00:00,5.64
2012-02-03 00:00:00,6.15
2012-02-04 00:00:00,6.15
2012-02-05 00:00:00,5.96
2012-02-06 00:00:00,5.96
2012-02-07 00:00:00,5.71
2012-02-08 00:00:00,5.71
2012-02-09 00:00:00,5.8
2012-02-10 00:00:00,5.8
2012-02-11 00:00:00,6.0
2012-02-12 00:00:00,6.0
2012-02-13 00:00:00,5.72
2012-02-14 00:00:00,5.72
2012-02-15 00:00:00,4.88
2012-02-16 00:00:00,4.88
2012-02-17 00:00:00,4.77
2012-02-18 00:00:00,4.77
2012-02-19 00:00:00,4.33
2012-02-20 00:00:00,4.33
2012-02-21 00:00:00,4.44
2012-02-22 00:00:00,4.44
2012-02-23 00:00:00,4.92
2012-02-24 00:00:00,4.92
2012-02-25 00:00:00,5.07
2012-02-26 00:00:00,5.07
2012-02-27 00:00:00,5.1
2012-02-28 00:00:00,5.1
2012-02-29 00:00:00,4.9
2012-03-01 00:00:00,4.9
2012-03-02 00:00:00,4.99
2012-03-03 00:00:00,4.99
2012-03-04 00:00:00,4.9
2012-03-05 00:00:00,4.9
2012-03-06 00:00:00,5.05
2012-03-07 00:00:00,5.05
2012-03-08 00:00:00,5.0
2012-03-09 00:00:00,5.0
2012-03-10 00:00:00,4.94
2012-03-11 00:00:00,4.94
2012-03-12 00:00:00,4.96
2012-03-13 00:00:00,4.96
2012-03-14 00:00:00,5.44
2012-03-15 00:00:00,5.44
2012-03-16 00:00:00,5.4
2012-03-17 00:00:00,5.4
2012-03-18 00:00:00,5.38
2012-03-19 00:00:00,5.38
2012-03-20 00:00:00,4.98
2012-03-21 00:00:00,4.98
2012-03-22 00:00:00,4.88
2012-03-23 00:00:00,4.88
2012-03-24 00:00:00,4.75
2012-03-25 00:00:00,4.75
2012-03-26 00:00:00,4.74
2012-03-27 00:00:00,4.74
2012-03-28 00:00:00,4.85
2012-03-29 00:00:00,4.85
2012-03-30 00:00:00,4.83
2012-03-31 00:00:00,4.83
2012-04-01 00:00:00,4.93
2012-04-02 00:00:00,4.93
2012-04-03 00:00:00,5.01
2012-04-04 00:00:00,5.01
2012-04-05 00:00:00,4.94
2012-04-06 00:00:00,4.94
2012-04-07 00:00:00,4.98
2012-04-08 00:00:00,4.98
2012-04-09 00:00:00,4.8
2012-04-10 00:00:00,4.8
2012-04-11 00:00:00,4.89
2012-04-12 00:00:00,4.89
2012-04-13 00:00:00,4.94
2012-04-14 00:00:00,4.94
2012-04-15 00:00:00,4.98
2012-04-16 00:00:00,4.98
2012-04-17 00:00:00,5.02
2012-04-18 00:00:00,5.02
2012-04-19 00:00:00,5.19
2012-04-20 00:00:00,5.19
2012-04-21 00:00:00,5.48
2012-04-22 00:00:00,5.48
2012-04-23 00:00:00,5.22
2012-04-24 00:00:00,5.22
2012-04-25 00:00:00,5.16
2012-04-26 00:00:00,5.16
2012-04-27 00:00:00,5.14
2012-04-28 00:00:00,5.14
2012-04-29 00:00:00,5.02
2012-04-30 00:00:00,5.02
2012-05-01 00:00:00,5.0
2012-05-02 00:00:00,5.0
2012-05-03 00:00:00,5.18
2012-05-04 00:00:00,5.18
2012-05-05 00:00:00,5.15
2012-05-06 00:00:00,5.15
2012-05-07 00:00:00,5.09
2012-05-08 00:00:00,5.09
2012-05-09 00:00:00,5.1
2012-05-10 00:00:00,5.1
2012-05-11 00:00:00,5.03
2012-05-12 00:00:00,5.03
2012-05-13 00:00:00,5.0
2012-05-14 00:00:00,5.0
2012-05-15 00:00:00,5.09
2012-05-16 00:00:00,5.09
2012-05-17 00:00:00,5.13
2012-05-18 00:00:00,5.13
2012-05-19 00:00:00,5.14
2012-05-20 00:00:00,5.14
2012-05-21 00:00:00,5.15
2012-05-22 00:00:00,5.15
2012-05-23 00:00:00,5.16
2012-05-24 00:00:00,5.16
2012-05-25 00:00:00,5.15
2012-05-26 00:00:00,5.15
2012-05-27 00:00:00,5.15
2012-05-28 00:00:00,5.15
2012-05-29 00:00:00,5.16
2012-05-30 00:00:00,5.16
2012-05-31 00:00:00,5.19
2012-06-01 00:00:00,5.19
2012-06-02 00:00:00,5.28
2012-06-03 00:00:00,5.28
2012-06-04 00:00:00,5.28
2012-06-05 00:00:00,5.28
2012-06-06 00:00:00,5.47
2012-06-07 00:00:00,5.47
2012-06-08 00:00:00,5.66
2012-06-09 00:00:00,5.66
2012-06-10 00:00:00,5.62
2012-06-11 00:00:00,5.62
2012-06-12 00:00:00,5.7
2012-06-13 00:00:00,5.7
2012-06-14 00:00:00,5.95
2012-06-15 00:00:00,5.95
2012-06-16 00:00:00,6.6
2012-06-17 00:00:00,6.6
2012-06-18 00:00:00,6.47
2012-06-19 00:00:00,6.47
2012-06-20 00:00:00,6.65
2012-06-21 00:00:00,6.65
2012-06-22 00:00:00,6.8
2012-06-23 00:00:00,6.8
2012-06-24 00:00:00,6.59
2012-06-25 00:00:00,6.59
2012-06-26 00:00:00,6.45
2012-06-27 00:00:00,6.45
2012-06-28 00:00:00,6.67
2012-06-29 00:00:00,6.67
2012-06-30 00:00:00,6.69
2012-07-01 00:00:00,6.69
2012-07-02 00:00:00,6.75
2012-07-03 00:00:00,6.75
2012-07-04 00:00:00,6.55
2012-07-05 00:00:00,6.55
2012-07-06 00:00:00,6.73
2012-07-07 00:00:00,6.73
2012-07-08 00:00:00,6.87
2012-07-09 00:00:00,6.87
2012-07-10 00:00:00,7.24
2012-07-11 00:00:00,7.24
2012-07-12 00:00:00,7.32
2012-07-13 00:00:00,7.32
2012-07-14 00:00:00,7.69
2012-07-15 00:00:00,7.69
2012-07-16 00:00:00,8.29
2012-07-17 00:00:00,8.29
2012-07-18 00:00:00,9.4
2012-07-19 00:00:00,9.4
2012-07-20 00:00:00,9.23
2012-07-21 00:00:00,9.23
2012-07-22 00:00:00,9.0
2012-07-23 00:00:00,9.0
2012-07-24 00:00:00,8.96
2012-07-25 00:00:00,8.96
2012-07-26 00:00:00,8.9
2012-07-27 00:00:00,8.9
2012-07-28 00:00:00,8.93
2012-07-29 00:00:00,8.93
2012-07-30 00:00:00,9.15
2012-07-31 00:00:00,9.15
2012-08-01 00:00:00,9.54
2012-08-02 00:00:00,9.54
2012-08-03 00:00:00,11.12
2012-08-04 00:00:00,11.12
2012-08-05 00:00:00,11.19
2012-08-06 00:00:00,11.19
2012-08-07 00:00:00,11.04
2012-08-08 00:00:00,11.04
2012-08-09 00:00:00,12.0
2012-08-10 00:00:00,12.0
2012-08-11 00:00:00,11.6
2012-08-12 00:00:00,11.6
2012-08-13 00:00:00,11.87
2012-08-14 00:00:00,11.87
2012-08-15 00:00:00,12.67
2012-08-16 00:00:00,12.67
2012-08-17 00:00:00,15.4
2012-08-18 00:00:00,15.4
2012-08-19 00:00:00,12.0
2012-08-20 00:00:00,12.0
2012-08-21 00:00:00,10.3
2012-08-22 00:00:00,10.3
2012-08-23 00:00:00,10.25
2012-08-24 00:00:00,10.25
2012-08-25 00:00:00,10.25
2012-08-26 00:00:00,10.25
2012-08-27 00:00:00,12.15
2012-08-28 00:00:00,12.15
2012-08-29 00:00:00,11.21
2012-08-30 00:00:00,11.21
2012-08-31 00:00:00,10.84
2012-09-01 00:00:00,10.84
2012-09-02 00:00:00,10.19
2012-09-03 00:00:00,10.19
2012-09-04 00:00:00,10.59
2012-09-05 00:00:00,10.59
2012-09-06 00:00:00,11.17
2012-09-07 00:00:00,11.17
2012-09-08 00:00:00,11.21
2012-09-09 00:00:00,11.21
2012-09-10 00:00:00,11.13
2012-09-11 00:00:00,11.13
2012-09-12 00:00:00,11.38
2012-09-13 00:00:00,11.38
2012-09-14 00:00:00,11.75
2012-09-15 00:00:00,11.75
2012-09-16 00:00:00,11.99
2012-09-17 00:00:00,11.99
2012-09-18 00:00:00,12.09
2012-09-19 00:00:00,12.09
2012-09-20 00:00:00,12.69
2012-09-21 00:00:00,12.69
2012-09-22 00:00:00,12.44
2012-09-23 00:00:00,12.44
2012-09-24 00:00:00,12.3
2012-09-25 00:00:00,12.3
2012-09-26 00:00:00,12.28
2012-09-27 00:00:00,12.28
2012-09-28 00:00:00,12.44
2012-09-29 00:00:00,12.44
2012-09-30 00:00:00,12.47
2012-10-01 00:00:00,12.47
2012-10-02 00:00:00,12.88
2012-10-03 00:00:00,12.88
2012-10-04 00:00:00,13.09
2012-10-05 00:00:00,13.09
2012-10-06 00:00:00,12.9
2012-10-07 00:00:00,12.9
2012-10-08 00:00:00,12.08
2012-10-09 00:00:00,12.08
2012-10-10 00:00:00,12.15
2012-10-11 00:00:00,12.15
2012-10-12 00:00:00,12.15
2012-10-13 00:00:00,12.15
2012-10-14 00:00:00,12.0
2012-10-15 00:00:00,12.0
2012-10-16 00:00:00,11.99
2012-10-17 00:00:00,11.99
2012-10-18 00:00:00,11.96
2012-10-19 00:00:00,11.96
2012-10-20 00:00:00,11.85
2012-10-21 00:00:00,11.85
2012-10-22 00:00:00,11.81
2012-10-23 00:00:00,11.81
2012-10-24 00:00:00,11.82
2012-10-25 00:00:00,11.82
2012-10-26 00:00:00,11.1
2012-10-27 00:00:00,11.1
2012-10-28 00:00:00,10.61
2012-10-29 00:00:00,10.61
2012-10-30 00:00:00,10.85
2012-10-31 00:00:00,10.85
2012-11-01 00:00:00,11.28
2012-11-02 00:00:00,11.28
2012-11-03 00:00:00,10.6
2012-11-04 00:00:00,10.6
2012-11-05 00:00:00,10.9
2012-11-06 00:00:00,10.9
2012-11-07 00:00:00,11.22
2012-11-08 00:00:00,11.22
2012-11-09 00:00:00,11.07
2012-11-10 00:00:00,11.07
2012-11-11 00:00:00,10.94
2012-11-12 00:00:00,10.94
2012-11-13 00:00:00,11.13
2012-11-14 00:00:00,11.13
2012-11-15 00:00:00,11.11
2012-11-16 00:00:00,11.11
2012-11-17 00:00:00,11.8
2012-11-18 00:00:00,11.8
2012-11-19 00:00:00,11.8
2012-11-20 00:00:00,11.8
2012-11-21 00:00:00,11.78
2012-11-22 00:00:00,11.78
2012-11-23 00:00:00,12.43
2012-11-24 00:00:00,12.43
2012-11-25 00:00:00,12.6
2012-11-26 00:00:00,12.6
2012-11-27 00:00:00,12.53
2012-11-28 00:00:00,12.53
2012-11-29 00:00:00,12.6
2012-11-30 00:00:00,12.6
2012-12-01 00:00:00,12.69
2012-12-02 00:00:00,12.69
2012-12-03 00:00:00,12.68
2012-12-04 00:00:00,12.68
2012-12-05 00:00:00,13.5
2012-12-06 00:00:00,13.5
2012-12-07 00:00:00,13.68
2012-12-08 00:00:00,13.68
2012-12-09 00:00:00,13.53
2012-12-10 00:00:00,13.53
2012-12-11 00:00:00,13.64
2012-12-12 00:00:00,13.64
2012-12-13 00:00:00,13.8
2012-12-14 00:00:00,13.8
2012-12-15 00:00:00,13.77
2012-12-16 00:00:00,13.77
2012-12-17 00:00:00,13.5
2012-12-18 00:00:00,13.5
2012-12-19 00:00:00,13.4
2012-12-20 00:00:00,13.4
2012-12-21 00:00:00,13.65
2012-12-22 00:00:00,13.65
2012-12-23 00:00:00,13.49
2012-12-24 00:00:00,13.49
2012-12-25 00:00:00,13.45
2012-12-26 00:00:00,13.45
2012-12-27 00:00:00,13.47
2012-12-28 00:00:00,13.47
2012-12-29 00:00:00,13.67
2012-12-30 00:00:00,13.67
2012-12-31 00:00:00,13.59
2013-01-01 00:00:00,13.59
2013-01-02 00:00:00,13.4
2013-01-03 00:00:00,13.4
2013-01-04 00:00:00,13.49
2013-01-05 00:00:00,13.49
2013-01-06 00:00:00,13.53
2013-01-07 00:00:00,13.53
2013-01-08 00:00:00,13.83
2013-01-09 00:00:00,13.83
2013-01-10 00:00:00,14.32
2013-01-11 00:00:00,14.32
2013-01-12 00:00:00,14.35
2013-01-13 00:00:00,14.35
2013-01-14 00:00:00,14.3
2013-01-15 00:00:00,14.3
2013-01-16 00:00:00,14.69
2013-01-17 00:00:00,14.69
2013-01-18 00:00:00,15.99
2013-01-19 00:00:00,15.99
2013-01-20 00:00:00,15.89
2013-01-21 00:00:00,15.89
2013-01-22 00:00:00,17.59
2013-01-23 00:00:00,17.59
2013-01-24 00:00:00,19.19
2013-01-25 00:00:00,19.19
2013-01-26 00:00:00,17.62
2013-01-27 00:00:00,17.62
2013-01-28 00:00:00,18.45
2013-01-29 00:00:00,18.45
2013-01-30 00:00:00,19.7
2013-01-31 00:00:00,19.7
2013-02-01 00:00:00,21.3
2013-02-02 00:00:00,21.3
2013-02-03 00:00:00,20.68
2013-02-04 00:00:00,20.68
2013-02-05 00:00:00,20.79
2013-02-06 00:00:00,20.79
2013-02-07 00:00:00,22.15
2013-02-08 00:00:00,22.15
2013-02-09 00:00:00,23.7
2013-02-10 00:00:00,23.7
2013-02-11 00:00:00,24.2
2013-02-12 00:00:00,24.2
2013-02-13 00:00:00,26.1
2013-02-14 00:00:00,26.1
2013-02-15 00:00:00,27.0
2013-02-16 00:00:00,27.0
2013-02-17 00:00:00,25.61
2013-02-18 00:00:00,25.61
2013-02-19 00:00:00,28.79
2013-02-20 00:00:00,28.79
2013-02-21 00:00:00,29.8
2013-02-22 00:00:00,29.8
2013-02-23 00:00:00,29.28
2013-02-24 00:00:00,29.28
2013-02-25 00:00:00,30.25
2013-02-26 00:00:00,30.25
2013-02-27 00:00:00,31.4
2013-02-28 00:00:00,31.4
2013-03-01 00:00:00,34.88
2013-03-02 00:00:00,34.88
2013-03-03 00:00:00,34.1
2013-03-04 00:00:00,34.1
2013-03-05 00:00:00,40.04
2013-03-06 00:00:00,40.04
2013-03-07 00:00:00,42.49
2013-03-08 00:00:00,42.49
2013-03-09 00:00:00,46.01
2013-03-10 00:00:00,46.01
2013-03-11 00:00:00,47.74
2013-03-12 00:00:00,47.74
2013-03-13 00:00:00,46.8
2013-03-14 00:00:00,46.8
2013-03-15 00:00:00,47.25
2013-03-16 00:00:00,47.25
2013-03-17 00:00:00,47.44
2013-03-18 00:00:00,47.44
2013-03-19 00:00:00,57.76
2013-03-20 00:00:00,57.76
2013-03-21 00:00:00,73.8
2013-03-22 00:00:00,73.8
2013-03-23 00:00:00,63.0
2013-03-24 00:00:00,63.0
2013-03-25 00:00:00,73.89
2013-03-26 00:00:00,73.89
2013-03-27 00:00:00,88.9
2013-03-28 00:00:00,88.9
2013-03-29 00:00:00,89.05
2013-03-30 00:00:00,89.05
2013-03-31 00:00:00,92.5
2013-04-01 00:00:00,92.5
2013-04-02 00:00:00,108.73
2013-04-03 00:00:00,108.73
2013-04-04 00:00:00,132.0
2013-04-05 00:00:00,132.0
2013-04-06 00:00:00,142.5
2013-04-07 00:00:00,142.5
2013-04-08 00:00:00,184.0
2013-04-09 00:00:00,184.0
2013-04-10 00:00:00,198.0
2013-04-11 00:00:00,198.0
2013-04-12 00:00:00,76.49
2013-04-13 00:00:00,76.49
2013-04-14 00:00:00,91.0
2013-04-15 00:00:00,91.0
2013-04-16 00:00:00,91.0
2013-04-17 00:00:00,91.0
2013-04-18 00:00:00,96.5
2013-04-19 00:00:00,96.5
2013-04-20 00:00:00,123.86
2013-04-21 00:00:00,123.86
2013-04-22 00:00:00,123.52
2013-04-23 00:00:00,123.52
2013-04-24 00:00:00,153.2
2013-04-25 00:00:00,153.2
2013-04-26 00:00:00,135.6
2013-04-27 00:00:00,135.6
2013-04-28 00:00:00,135.99
2013-04-29 00:00:00,135.99
2013-04-30 00:00:00,139.11
2013-05-01 00:00:00,139.11
2013-05-02 00:00:00,105.0
2013-05-03 00:00:00,105.0
2013-05-04 00:00:00,111.99
2013-05-05 00:00:00,111.99
2013-05-06 00:00:00,120.95
2013-05-07 00:00:00,120.95
2013-05-08 00:00:00,113.95
2013-05-09 00:00:00,113.95
2013-05-10 00:00:00,117.68
2013-05-11 00:00:00,117.68
2013-05-12 00:00:00,114.32
2013-05-13 00:00:00,114.32
2013-05-14 00:00:00,119.0
2013-05-15 00:00:00,119.0
2013-05-16 00:00:00,115.09
2013-05-17 00:00:00,115.09
2013-05-18 00:00:00,123.75
2013-05-19 00:00:00,123.75
2013-05-20 00:00:00,122.65
2013-05-21 00:00:00,122.65
2013-05-22 00:00:00,122.64
2013-05-23 00:00:00,122.64
2013-05-24 00:00:00,131.5
2013-05-25 00:00:00,131.5
2013-05-26 00:00:00,134.05
2013-05-27 00:00:00,134.05
2013-05-28 00:00:00,128.32
2013-05-29 00:00:00,128.32
2013-05-30 00:00:00,131.0
2013-05-31 00:00:00,131.0
2013-06-01 00:00:00,129.2
2013-06-02 00:00:00,129.2
2013-06-03 00:00:00,120.0
2013-06-04 00:00:00,120.0
2013-06-05 00:00:00,122.41
2013-06-06 00:00:00,122.41
2013-06-07 00:00:00,110.3
2013-06-08 00:00:00,110.3
2013-06-09 00:00:00,98.47
2013-06-10 00:00:00,98.47
2013-06-11 00:00:00,108.0
2013-06-12 00:00:00,108.0
2013-06-13 00:00:00,109.0
2013-06-14 00:00:00,109.0
2013-06-15 00:00:00,101.97
2013-06-16 00:00:00,101.97
2013-06-17 00:00:00,100.53
2013-06-18 00:00:00,100.53
2013-06-19 00:00:00,107.84
2013-06-20 00:00:00,107.84
2013-06-21 00:00:00,111.0
2013-06-22 00:00:00,111.0
2013-06-23 00:00:00,107.68
2013-06-24 00:00:00,107.68
2013-06-25 00:00:00,103.87
2013-06-26 00:00:00,103.87
2013-06-27 00:00:00,102.79
2013-06-28 00:00:00,102.79
2013-06-29 00:00:00,95.85
2013-06-30 00:00:00,95.85
2013-07-01 00:00:00,91.0
2013-07-02 00:00:00,91.0
2013-07-03 00:00:00,82.8
2013-07-04 00:00:00,82.8
2013-07-05 00:00:00,67.86
2013-07-06 00:00:00,67.86
2013-07-07 00:00:00,70.94
2013-07-08 00:00:00,70.94
2013-07-09 00:00:00,76.33
2013-07-10 00:00:00,76.33
2013-07-11 00:00:00,87.15
2013-07-12 00:00:00,87.15
2013-07-13 00:00:00,96.0
2013-07-14 00:00:00,96.0
2013-07-15 00:00:00,98.38
2013-07-16 00:00:00,98.38
2013-07-17 00:00:00,97.97
2013-07-18 00:00:00,97.97
2013-07-19 00:00:00,93.41
2013-07-20 00:00:00,93.41
2013-07-21 00:00:00,88.94
2013-07-22 00:00:00,88.94
2013-07-23 00:00:00,95.4
2013-07-24 00:00:00,95.4
2013-07-25 00:00:00,96.2
2013-07-26 00:00:00,96.2
2013-07-27 00:00:00,95.2
2013-07-28 00:00:00,95.2
2013-07-29 00:00:00,101.04
2013-07-30 00:00:00,101.04
2013-07-31 00:00:00,104.96
2013-08-01 00:00:00,104.96
2013-08-02 00:00:00,105.5
2013-08-03 00:00:00,105.5
2013-08-04 00:00:00,104.67
2013-08-05 00:00:00,104.67
2013-08-06 00:00:00,106.88
2013-08-07 00:00:00,106.88
2013-08-08 00:00:00,101.9
2013-08-09 00:00:00,101.9
2013-08-10 00:00:00,102.62
2013-08-11 00:00:00,102.62
2013-08-12 00:00:00,104.99
2013-08-13 00:00:00,104.99
2013-08-14 00:00:00,100.03
2013-08-15 00:00:00,100.03
2013-08-16 00:00:00,98.51
2013-08-17 00:00:00,98.51
2013-08-18 00:00:00,99.02
2013-08-19 00:00:00,99.02
2013-08-20 00:00:00,104.59
2013-08-21 00:00:00,104.59
2013-08-22 00:00:00,111.01
2013-08-23 00:00:00,111.01
2013-08-24 00:00:00,108.79
2013-08-25 00:00:00,108.79
2013-08-26 00:00:00,111.8
2013-08-27 00:00:00,111.8
2013-08-28 00:00:00,119.25
2013-08-29 00:00:00,119.25
2013-08-30 00:00:00,124.79
2013-08-31 00:00:00,124.79
2013-09-01 00:00:00,130.82
2013-09-02 00:00:00,130.82
2013-09-03 00:00:00,130.45
2013-09-04 00:00:00,130.45
2013-09-05 00:00:00,124.51
2013-09-06 00:00:00,124.51
2013-09-07 00:00:00,120.15
2013-09-08 00:00:00,120.15
2013-09-09 00:00:00,121.66
2013-09-10 00:00:00,121.66
2013-09-11 00:00:00,124.1
2013-09-12 00:00:00,124.1
2013-09-13 00:00:00,128.29
2013-09-14 00:00:00,128.29
2013-09-15 00:00:00,125.46
2013-09-16 00:00:00,125.46
2013-09-17 00:00:00,127.56
2013-09-18 00:00:00,127.56
2013-09-19 00:00:00,124.1
2013-09-20 00:00:00,124.1
2013-09-21 00:00:00,123.5
2013-09-22 00:00:00,123.5
2013-09-23 00:00:00,123.02
2013-09-24 00:00:00,123.02
2013-09-25 00:00:00,124.18
2013-09-26 00:00:00,124.18
2013-09-27 00:00:00,125.6
2013-09-28 00:00:00,125.6
2013-09-29 00:00:00,128.1
2013-09-30 00:00:00,128.1
2013-10-01 00:00:00,127.11
2013-10-02 00:00:00,127.11
2013-10-03 00:00:00,116.95
2013-10-04 00:00:00,116.95
2013-10-05 00:00:00,121.51
2013-10-06 00:00:00,121.51
2013-10-07 00:00:00,123.6
2013-10-08 00:00:00,123.6
2013-10-09 00:00:00,126.08
2013-10-10 00:00:00,126.08
2013-10-11 00:00:00,126.84
2013-10-12 00:00:00,126.84
2013-10-13 00:00:00,129.74
2013-10-14 00:00:00,129.74
2013-10-15 00:00:00,139.24
2013-10-16 00:00:00,139.24
2013-10-17 00:00:00,143.33
2013-10-18 00:00:00,143.33
2013-10-19 00:00:00,165.05
2013-10-20 00:00:00,165.05
2013-10-21 00:00:00,177.07
2013-10-22 00:00:00,177.07
2013-10-23 00:00:00,199.95
2013-10-24 00:00:00,199.95
2013-10-25 00:00:00,172.81
2013-10-26 00:00:00,172.81
2013-10-27 00:00:00,189.06
2013-10-28 00:00:00,189.06
2013-10-29 00:00:00,202.09
2013-10-30 00:00:00,202.09
2013-10-31 00:00:00,201.61
2013-11-01 00:00:00,201.61
2013-11-02 00:00:00,204.15
2013-11-03 00:00:00,204.15
2013-11-04 00:00:00,225.1
2013-11-05 00:00:00,225.1
2013-11-06 00:00:00,258.23
2013-11-07 00:00:00,258.23
2013-11-08 00:00:00,325.56
2013-11-09 00:00:00,325.56
2013-11-10 00:00:00,296.91
2013-11-11 00:00:00,296.91
2013-11-12 00:00:00,353.95
2013-11-13 00:00:00,353.95
2013-11-14 00:00:00,416.5
2013-11-15 00:00:00,416.5
2013-11-16 00:00:00,433.53
2013-11-17 00:00:00,433.53
2013-11-18 00:00:00,583.16
2013-11-19 00:00:00,583.16
2013-11-20 00:00:00,595.0
2013-11-21 00:00:00,595.0
2013-11-22 00:00:00,761.0
2013-11-23 00:00:00,761.0
2013-11-24 00:00:00,833.16
2013-11-25 00:00:00,833.16
2013-11-26 00:00:00,844.9
2013-11-27 00:00:00,844.9
2013-11-28 00:00:00,1009.0
2013-11-29 00:00:00,1009.0
2013-11-30 00:00:00,1119.96
2013-12-01 00:00:00,1119.96
2013-12-02 00:00:00,992.27
2013-12-03 00:00:00,992.27
2013-12-04 00:00:00,1151.0
2013-12-05 00:00:00,1151.0
2013-12-06 00:00:00,894.0
2013-12-07 00:00:00,894.0
2013-12-08 00:00:00,722.99
2013-12-09 00:00:00,722.99
2013-12-10 00:00:00,936.98
2013-12-11 00:00:00,936.98
2013-12-12 00:00:00,845.75
2013-12-13 00:00:00,845.75
2013-12-14 00:00:00,864.7
2013-12-15 00:00:00,864.7
2013-12-16 00:00:00,709.0
2013-12-17 00:00:00,709.0
2013-12-18 00:00:00,576.16
2013-12-19 00:00:00,576.16
2013-12-20 00:00:00,660.0
2013-12-21 00:00:00,660.0
2013-12-22 00:00:00,637.0
2013-12-23 00:00:00,637.0
2013-12-24 00:00:00,647.27
2013-12-25 00:00:00,647.27
2013-12-26 00:00:00,734.42
2013-12-27 00:00:00,734.42
2013-12-28 00:00:00,701.61
2013-12-29 00:00:00,701.61
2013-12-30 00:00:00,739.1
2013-12-31 00:00:00,739.1
2014-01-01 00:00:00,746.9
2014-01-02 00:00:00,746.9
2014-01-03 00:00:00,806.21
2014-01-04 00:00:00,806.21
2014-01-05 00:00:00,896.0
2014-01-06 00:00:00,896.0
2014-01-07 00:00:00,867.38
2014-01-08 00:00:00,867.38
2014-01-09 00:00:00,809.17
2014-01-10 00:00:00,809.17
2014-01-11 00:00:00,891.85
2014-01-12 00:00:00,891.85
2014-01-13 00:00:00,807.83
2014-01-14 00:00:00,807.83
2014-01-15 00:00:00,847.7
2014-01-16 00:00:00,847.7
2014-01-17 00:00:00,793.0
2014-01-18 00:00:00,793.0
2014-01-19 00:00:00,833.0
2014-01-20 00:00:00,833.0
2014-01-21 00:00:00,822.56
2014-01-22 00:00:00,822.56
2014-01-23 00:00:00,813.02
2014-01-24 00:00:00,813.02
2014-01-25 00:00:00,806.0
2014-01-26 00:00:00,806.0
2014-01-27 00:00:00,777.0
2014-01-28 00:00:00,777.0
2014-01-29 00:00:00,803.6
2014-01-30 00:00:00,803.6
2014-01-31 00:00:00,802.5
2014-02-01 00:00:00,802.5
2014-02-02 00:00:00,819.57
2014-02-03 00:00:00,819.57
2014-02-04 00:00:00,809.05
2014-02-05 00:00:00,809.05
2014-02-06 00:00:00,778.0
2014-02-07 00:00:00,778.0
2014-02-08 00:00:00,707.0
2014-02-09 00:00:00,707.0
2014-02-10 00:00:00,665.0
2014-02-11 00:00:00,665.0
2014-02-12 00:00:00,667.01
2014-02-13 00:00:00,667.01
2014-02-14 00:00:00,672.1
2014-02-15 00:00:00,672.1
2014-02-16 00:00:00,623.5
2014-02-17 00:00:00,623.5
2014-02-18 00:00:00,626.77
2014-02-19 00:00:00,626.77
2014-02-20 00:00:00,582.7
2014-02-21 00:00:00,582.7
2014-02-22 00:00:00,603.98
2014-02-23 00:00:00,603.98
2014-02-24 00:00:00,545.0
2014-02-25 00:00:00,545.0
2014-02-26 00:00:00,585.38
2014-02-27 00:00:00,585.38
2014-02-28 00:00:00,577.97
2014-03-01 00:00:00,577.97
2014-03-02 00:00:00,559.88
2014-03-03 00:00:00,559.88
2014-03-04 00:00:00,677.61
2014-03-05 00:00:00,677.61
2014-03-06 00:00:00,657.02
2014-03-07 00:00:00,657.02
2014-03-08 00:00:00,609.0
2014-03-09 00:00:00,609.0
2014-03-10 00:00:00,621.99
2014-03-11 00:00:00,621.99
2014-03-12 00:00:00,642.1
2014-03-13 00:00:00,642.1
2014-03-14 00:00:00,636.47
2014-03-15 00:00:00,636.47
2014-03-16 00:00:00,634.94
2014-03-17 00:00:00,634.94
2014-03-18 00:00:00,627.0
2014-03-19 00:00:00,627.0
2014-03-20 00:00:00,590.0
2014-03-21 00:00:00,590.0
2014-03-22 00:00:00,557.0
2014-03-23 00:00:00,557.0
2014-03-24 00:00:00,572.0
2014-03-25 00:00:00,572.0
2014-03-26 00:00:00,585.7
2014-03-27 00:00:00,585.7
2014-03-28 00:00:00,503.0
2014-03-29 00:00:00,503.0
2014-03-30 00:00:00,449.02
2014-03-31 00:00:00,449.02
2014-04-01 00:00:00,479.51
2014-04-02 00:00:00,479.51
2014-04-03 00:00:00,446.31
2014-04-04 00:00:00,446.31
2014-04-05 00:00:00,451.84
2014-04-06 00:00:00,451.84
2014-04-07 00:00:00,447.74
2014-04-08 00:00:00,447.74
2014-04-09 00:00:00,443.1
2014-04-10 00:00:00,443.1
2014-04-11 00:00:00,427.99
2014-04-12 00:00:00,427.99
2014-04-13 00:00:00,405.0
2014-04-14 00:00:00,405.0
2014-04-15 00:00:00,489.91
2014-04-16 00:00:00,489.91
2014-04-17 00:00:00,495.0
2014-04-18 00:00:00,495.0
2014-04-19 00:00:00,499.9
2014-04-20 00:00:00,499.9
2014-04-21 00:00:00,496.5
2014-04-22 00:00:00,496.5
2014-04-23 00:00:00,487.3
2014-04-24 00:00:00,487.3
2014-04-25 00:00:00,459.15
2014-04-26 00:00:00,459.15
2014-04-27 00:00:00,440.1
2014-04-28 00:00:00,440.1
2014-04-29 00:00:00,447.7
2014-04-30 00:00:00,447.7
2014-05-01 00:00:00,460.01
2014-05-02 00:00:00,460.01
2014-05-03 00:00:00,434.5
2014-05-04 00:00:00,434.5
2014-05-05 00:00:00,427.83
2014-05-06 00:00:00,427.83
2014-05-07 00:00:00,446.65
2014-05-08 00:00:00,446.65
2014-05-09 00:00:00,452.02
2014-05-10 00:00:00,452.02
2014-05-11 00:00:00,435.0
2014-05-12 00:00:00,435.0
2014-05-13 00:00:00,438.95
2014-05-14 00:00:00,438.95
2014-05-15 00:00:00,448.99
2014-05-16 00:00:00,448.99
2014-05-17 00:00:00,449.08
2014-05-18 00:00:00,449.08
2014-05-19 00:00:00,446.42
2014-05-20 00:00:00,446.42
2014-05-21 00:00:00,494.87
2014-05-22 00:00:00,494.87
2014-05-23 00:00:00,527.47
2014-05-24 00:00:00,527.47
2014-05-25 00:00:00,575.0
2014-05-26 00:00:00,575.0
2014-05-27 00:00:00,581.87
2014-05-28 00:00:00,581.87
2014-05-29 00:00:00,568.0
2014-05-30 00:00:00,568.0
2014-05-31 00:00:00,620.45
2014-06-01 00:00:00,620.45
2014-06-02 00:00:00,631.49
2014-06-03 00:00:00,631.49
2014-06-04 00:00:00,644.66
2014-06-05 00:00:00,644.66
2014-06-06 00:00:00,655.75
2014-06-07 00:00:00,655.75
2014-06-08 00:00:00,652.0
2014-06-09 00:00:00,652.0
2014-06-10 00:00:00,649.89
2014-06-11 00:00:00,649.89
2014-06-12 00:00:00,617.0
2014-06-13 00:00:00,617.0
2014-06-14 00:00:00,557.92
2014-06-15 00:00:00,557.92
2014-06-16 00:00:00,595.0
2014-06-17 00:00:00,595.0
2014-06-18 00:00:00,604.6
2014-06-19 00:00:00,604.6
2014-06-20 00:00:00,593.33
2014-06-21 00:00:00,593.33
2014-06-22 00:00:00,596.08
2014-06-23 00:00:00,596.08
2014-06-24 00:00:00,585.54
2014-06-25 00:00:00,585.54
2014-06-26 00:00:00,569.0
2014-06-27 00:00:00,569.0
2014-06-28 00:00:00,597.08
2014-06-29 00:00:00,597.08
2014-06-30 00:00:00,620.0
2014-07-01 00:00:00,620.0
2014-07-02 00:00:00,654.0
2014-07-03 00:00:00,654.0
2014-07-04 00:00:00,635.49
2014-07-05 00:00:00,635.49
2014-07-06 00:00:00,634.49
2014-07-07 00:00:00,634.49
2014-07-08 00:00:00,623.7
2014-07-09 00:00:00,623.7
2014-07-10 00:00:00,619.78
2014-07-11 00:00:00,619.78
2014-07-12 00:00:00,631.98
2014-07-13 00:00:00,631.98
2014-07-14 00:00:00,622.8
2014-07-15 00:00:00,622.8
2014-07-16 00:00:00,619.48
2014-07-17 00:00:00,619.48
2014-07-18 00:00:00,629.86
2014-07-19 00:00:00,629.86
2014-07-20 00:00:00,623.77
2014-07-21 00:00:00,623.77
2014-07-22 00:00:00,621.03
2014-07-23 00:00:00,621.03
2014-07-24 00:00:00,601.18
2014-07-25 00:00:00,601.18
2014-07-26 00:00:00,595.88
2014-07-27 00:00:00,595.88
2014-07-28 00:00:00,586.96
2014-07-29 00:00:00,586.96
2014-07-30 00:00:00,573.48
2014-07-31 00:00:00,573.48
2014-08-01 00:00:00,601.94
2014-08-02 00:00:00,601.94
2014-08-03 00:00:00,589.79
2014-08-04 00:00:00,589.79
2014-08-05 00:00:00,580.21
2014-08-06 00:00:00,580.21
2014-08-07 00:00:00,587.24
2014-08-08 00:00:00,587.24
2014-08-09 00:00:00,588.61
2014-08-10 00:00:00,588.61
2014-08-11 00:00:00,578.97
2014-08-12 00:00:00,578.97
2014-08-13 00:00:00,550.14
2014-08-14 00:00:00,550.14
2014-08-15 00:00:00,498.16
2014-08-16 00:00:00,498.16
2014-08-17 00:00:00,491.88
2014-08-18 00:00:00,491.88
2014-08-19 00:00:00,487.5
2014-08-20 00:00:00,487.5
2014-08-21 00:00:00,525.78
2014-08-22 00:00:00,525.78
2014-08-23 00:00:00,503.88
2014-08-24 00:00:00,503.88
2014-08-25 00:00:00,503.79
2014-08-26 00:00:00,503.79
2014-08-27 00:00:00,514.84
2014-08-28 00:00:00,514.84
2014-08-29 00:00:00,511.99
2014-08-30 00:00:00,511.99
2014-08-31 00:00:00,477.98
2014-09-01 00:00:00,477.98
2014-09-02 00:00:00,483.65
2014-09-03 00:00:00,483.65
2014-09-04 00:00:00,486.0
2014-09-05 00:00:00,486.0
2014-09-06 00:00:00,481.09
2014-09-07 00:00:00,481.09
2014-09-08 00:00:00,476.61
2014-09-09 00:00:00,476.61
2014-09-10 00:00:00,485.03
2014-09-11 00:00:00,485.03
2014-09-12 00:00:00,470.43
2014-09-13 00:00:00,470.43
2014-09-14 00:00:00,475.49
2014-09-15 00:00:00,475.49
2014-09-16 00:00:00,468.0
2014-09-17 00:00:00,468.0
2014-09-18 00:00:00,428.19
2014-09-19 00:00:00,428.19
2014-09-20 00:00:00,415.56
2014-09-21 00:00:00,415.56
2014-09-22 00:00:00,400.98
2014-09-23 00:00:00,400.98
2014-09-24 00:00:00,431.91
2014-09-25 00:00:00,431.91
2014-09-26 00:00:00,405.14
2014-09-27 00:00:00,405.14
2014-09-28 00:00:00,380.0
2014-09-29 00:00:00,380.0
2014-09-30 00:00:00,382.67
2014-10-01 00:00:00,382.67
2014-10-02 00:00:00,375.85
2014-10-03 00:00:00,375.85
2014-10-04 00:00:00,336.0
2014-10-05 00:00:00,336.0
2014-10-06 00:00:00,331.2
2014-10-07 00:00:00,331.2
2014-10-08 00:00:00,346.26
2014-10-09 00:00:00,346.26
2014-10-10 00:00:00,358.97
2014-10-11 00:00:00,358.97
2014-10-12 00:00:00,364.83
2014-10-13 00:00:00,364.83
2014-10-14 00:00:00,411.89
2014-10-15 00:00:00,411.89
2014-10-16 00:00:00,378.02
2014-10-17 00:00:00,378.02
2014-10-18 00:00:00,389.68
2014-10-19 00:00:00,389.68
2014-10-20 00:00:00,384.95
2014-10-21 00:00:00,384.95
2014-10-22 00:00:00,385.1
2014-10-23 00:00:00,385.1
2014-10-24 00:00:00,358.46
2014-10-25 00:00:00,358.46
2014-10-26 00:00:00,355.43
2014-10-27 00:00:00,355.43
2014-10-28 00:00:00,354.94
2014-10-29 00:00:00,354.94
2014-10-30 00:00:00,337.0
2014-10-31 00:00:00,337.0
2014-11-01 00:00:00,327.39
2014-11-02 00:00:00,327.39
2014-11-03 00:00:00,325.81
2014-11-04 00:00:00,325.81
2014-11-05 00:00:00,341.99
2014-11-06 00:00:00,341.99
2014-11-07 00:00:00,342.26
2014-11-08 00:00:00,342.26
2014-11-09 00:00:00,356.34
2014-11-10 00:00:00,356.34
2014-11-11 00:00:00,365.04
2014-11-12 00:00:00,365.04
2014-11-13 00:00:00,406.56
2014-11-14 00:00:00,406.56
2014-11-15 00:00:00,373.14
2014-11-16 00:00:00,373.14
2014-11-17 00:00:00,378.48
2014-11-18 00:00:00,378.48
2014-11-19 00:00:00,374.77
2014-11-20 00:00:00,374.77
2014-11-21 00:00:00,356.9
2014-11-22 00:00:00,356.9
2014-11-23 00:00:00,362.99
2014-11-24 00:00:00,362.99
2014-11-25 00:00:00,381.03
2014-11-26 00:00:00,381.03
2014-11-27 00:00:00,372.62
2014-11-28 00:00:00,372.62
2014-11-29 00:00:00,377.22
2014-11-30 00:00:00,377.22
2014-12-01 00:00:00,381.72
2014-12-02 00:00:00,381.72
2014-12-03 00:00:00,378.25
2014-12-04 00:00:00,378.25
2014-12-05 00:00:00,373.98
2014-12-06 00:00:00,373.98
2014-12-07 00:00:00,375.73
2014-12-08 00:00:00,375.73
2014-12-09 00:00:00,350.29
2014-12-10 00:00:00,350.29
2014-12-11 00:00:00,356.1
2014-12-12 00:00:00,356.1
2014-12-13 00:00:00,350.31
2014-12-14 00:00:00,350.31
2014-12-15 00:00:00,352.15
2014-12-16 00:00:00,352.15
2014-12-17 00:00:00,318.2
2014-12-18 00:00:00,318.2
2014-12-19 00:00:00,317.63
2014-12-20 00:00:00,317.63
2014-12-21 00:00:00,326.93
2014-12-22 00:00:00,326.93
2014-12-23 00:00:00,336.96
2014-12-24 00:00:00,336.96
2014-12-25 00:00:00,319.31
2014-12-26 00:00:00,319.31
2014-12-27 00:00:00,314.45
2014-12-28 00:00:00,314.45
2014-12-29 00:00:00,314.49
2014-12-30 00:00:00,314.49
2014-12-31 00:00:00,317.4
2015-01-01 00:00:00,317.4
2015-01-02 00:00:00,316.15
2015-01-03 00:00:00,316.15
2015-01-04 00:00:00,270.93
2015-01-05 00:00:00,270.93
2015-01-06 00:00:00,276.8
2015-01-07 00:00:00,276.8
2015-01-08 00:00:00,276.8
2015-01-09 00:00:00,276.8
2015-01-10 00:00:00,278.0
2015-01-11 00:00:00,278.0
2015-01-12 00:00:00,270.0
2015-01-13 00:00:00,270.0
2015-01-14 00:00:00,176.5
2015-01-15 00:00:00,176.5
2015-01-16 00:00:00,205.35
2015-01-17 00:00:00,205.35
2015-01-18 00:00:00,211.18
2015-01-19 00:00:00,211.18
2015-01-20 00:00:00,212.99
2015-01-21 00:00:00,212.99
2015-01-22 00:00:00,233.9
2015-01-23 00:00:00,233.9
2015-01-24 00:00:00,244.64
2015-01-25 00:00:00,244.64
2015-01-26 00:00:00,271.47
2015-01-27 00:00:00,271.47
2015-01-28 00:00:00,249.25
2015-01-29 00:00:00,249.25
2015-01-30 00:00:00,230.11
2015-01-31 00:00:00,230.11
2015-02-01 00:00:00,220.72
2015-02-02 00:00:00,220.72
2015-02-03 00:00:00,236.51
2015-02-04 00:00:00,236.51
2015-02-05 00:00:00,217.37
2015-02-06 00:00:00,217.37
2015-02-07 00:00:00,225.16
2015-02-08 00:00:00,225.16
2015-02-09 00:00:00,220.39
2015-02-10 00:00:00,220.39
2015-02-11 00:00:00,221.99
2015-02-12 00:00:00,221.99
2015-02-13 00:00:00,239.94
2015-02-14 00:00:00,239.94
2015-02-15 00:00:00,243.99
2015-02-16 00:00:00,243.99
2015-02-17 00:00:00,244.0
2015-02-18 00:00:00,244.0
2015-02-19 00:00:00,241.59
2015-02-20 00:00:00,241.59
2015-02-21 00:00:00,245.66
2015-02-22 00:00:00,245.66
2015-02-23 00:00:00,237.09
2015-02-24 00:00:00,237.09
2015-02-25 00:00:00,238.59
2015-02-26 00:00:00,238.59
2015-02-27 00:00:00,254.0
2015-02-28 00:00:00,254.0
2015-03-01 00:00:00,247.56
2015-03-02 00:00:00,247.56
2015-03-03 00:00:00,275.8
2015-03-04 00:00:00,275.8
2015-03-05 00:00:00,265.63
2015-03-06 00:00:00,265.63
2015-03-07 00:00:00,275.83
2015-03-08 00:00:00,275.83
2015-03-09 00:00:00,287.48
2015-03-10 00:00:00,287.48
2015-03-11 00:00:00,293.29
2015-03-12 00:00:00,293.29
2015-03-13 00:00:00,289.51
2015-03-14 00:00:00,289.51
2015-03-15 00:00:00,283.57
2015-03-16 00:00:00,283.57
2015-03-17 00:00:00,287.02
2015-03-18 00:00:00,287.02
2015-03-19 00:00:00,260.62
2015-03-20 00:00:00,260.62
2015-03-21 00:00:00,257.83
2015-03-22 00:00:00,257.83
2015-03-23 00:00:00,266.07
2015-03-24 00:00:00,266.07
2015-03-25 00:00:00,245.68
2015-03-26 00:00:00,245.68
2015-03-27 00:00:00,248.63
2015-03-28 00:00:00,248.63
2015-03-29 00:00:00,244.05
2015-03-30 00:00:00,244.05
2015-03-31 00:00:00,242.92
2015-04-01 00:00:00,242.92
2015-04-02 00:00:00,252.44
2015-04-03 00:00:00,252.44
2015-04-04 00:00:00,253.77
2015-04-05 00:00:00,253.77
2015-04-06 00:00:00,254.7
2015-04-07 00:00:00,254.7
